"","X1","X2","X3","X4","X5","X6","X7","X8","X9","Y"
"1",-0.957796771386227,-0.791275730124649,-0.869510734541691,0.723054014912572,0.504998519893982,0.34181619721264,0.813939650871639,0.288452992213759,0.078615358204296,-1.5752239426754
"2",0.0343761894104972,0.106050187729591,-0.313821387609217,0.149496765506303,0.896663152454856,0.516082772932897,-0.0420007738721861,-0.276939676242783,0.805225750916286,-1.34280119329563
"3",-0.295318970193791,-0.396169849928044,0.633234693106836,-0.485366184870647,-0.047692750820863,0.139809517339689,0.77050849217919,-0.599993103096253,-0.375398093456678,1.85080469558183
"4",0.065790239924758,0.463041623211242,-0.124828591686047,-0.839087209509231,-0.164279002714252,0.794716181670947,-0.694086532331612,0.277751701467124,-0.130959750609935,1.37752117602498
"5",0.981808530489227,0.767750512823708,0.132592308420172,0.0684532221913619,-0.9740895876912,0.886469408218172,-0.582350112825142,-0.0146046583581561,-0.473833922942458,1.06843132134979
"6",-0.110890251232064,-0.715127176657621,0.5434198528352,0.00295517273145959,0.674665665400844,-0.664046976025652,-0.90622989637997,-0.320365907112038,0.663129756489878,1.66831339790418
"7",-0.246314424836457,0.494364794074948,0.864429144123415,0.505965909968283,-0.785160734537345,-0.778096207675316,0.0841492264842323,0.25310312892045,0.686767237528735,0.616396469811367
"8",-0.27789763750493,-0.446675906529797,0.894852029181496,0.0386390648005441,-0.503600045947692,0.432443454196306,-0.16061539316354,-0.871437663588817,0.107710733811979,3.66707581195185
"9",-0.244866952870904,-0.574914232832182,0.906963894341469,-0.498658930500798,0.101919543350796,0.550227108014168,-0.743883106304963,-0.186565755151352,0.546223940872491,3.41541190930863
"10",0.699205150761237,-0.368822975097627,0.752906728092732,0.387156711225335,-0.759316116232602,0.306095093437963,-0.618577550814675,0.400779683234877,0.157668923732742,1.14831046108182
"11",0.790442615040647,0.666651732843794,-0.379340825868782,-0.306753222410575,-0.269735464960433,-0.0237359256607121,0.493353987486963,-0.695453627796189,-0.157353283247445,-0.0885254420628039
"12",-0.526878768867604,-0.808153241805452,-0.727405357304427,0.657053484304614,-0.516314267574856,0.134739002679247,0.385850518935378,-0.0242083648876785,-0.669019489114204,-2.9292220018985
"13",0.735813928270659,0.0903130731854816,0.187391673563229,0.824643678058063,0.878512106906801,-0.509558611466237,0.404649988238199,0.0685662973038269,0.128724364019485,-0.110742776671739
"14",0.314022932732913,0.747104356101651,-0.386894390559893,0.651580482810806,-1.02238386871861,-0.224142252668448,0.850795591331698,-0.703140106145924,-0.0332890433147762,-2.18572683694567
"15",0.896316100778569,-0.216853620506812,0.789470967040289,0.665586300147684,-0.223681939643917,-0.34139323149444,-0.166934658760828,1.00053502571871,0.22257475396192,2.22746616361325
"16",-0.256044379476329,-0.369495306678639,0.502861833491648,0.00498674481587787,-0.423505887522709,0.146762220209933,-0.351957726288456,-0.408057980523724,-0.0895864312888725,0.550520086776228
"17",-0.376224369284743,-0.879837540214141,0.670971827494531,-0.487978190549803,0.71149609327211,-0.556761502169576,-0.174617345243888,-0.446517364143536,0.595006780566509,2.89148434108856
"18",-0.431872868856633,-0.672051059818716,-0.545307175783128,-0.450716065398976,-0.676209854694406,-0.56076986934787,-0.888969052555286,-0.564208277641017,-0.25033421424833,0.175175290632261
"19",-0.157124583085729,-0.583146213340481,-0.611341182508018,-0.384470297231671,0.579591071667411,0.41557753888947,0.413516876713187,0.921289603586554,-0.135800174157144,-0.778513388388962
"20",-0.927455954736996,-0.459549049681855,0.28742542044393,-0.627349049576721,0.553199948565232,0.383591400044718,0.618064765152019,0.990634424995421,0.607613581493043,-1.41351573515152
"21",-0.651530633430015,0.0468480060549016,-0.863919438682495,0.552162425559306,0.0781931531951374,-0.610815363109,-0.932199007025593,-0.494190453405787,-0.250712944115137,-1.21621602618498
"22",0.00116008984610677,-0.865342639421619,-0.702448242289746,0.700826367541067,0.654640519703653,-0.556385517047218,0.485581062920653,-0.156091364726826,1.03478787158577,-0.900859470931466
"23",0.791340091577414,0.198024017981504,-0.158651864822416,0.222468402802552,-0.466677050860968,0.331173516460383,0.0945151022147815,-0.868221766209677,-0.23545053284177,-0.21702035758344
"24",-0.0409716143531905,0.125902910138847,-0.452844853821767,0.250925639206091,0.715371275895223,0.764691807089765,-0.0745551882441469,0.0388204675366764,-0.225469660962331,-0.0534698066001195
"25",-0.817931163036188,0.81303338780263,-0.819742272212549,-0.733065449072182,0.0992661133505938,-0.632592649598559,-0.104865316361023,0.0556405169116766,-0.117001194391593,-2.44195068563846
"26",-0.52193458147721,-0.445363428775802,0.43395602048112,-0.482056824631771,0.669953247574947,-0.162628176465132,0.550106974635709,0.0685317442470642,-0.241095817527587,-0.195165348182275
"27",-0.150683844983411,-0.484167141187756,0.256764072608255,-0.485538415340896,0.000664636536828255,-0.773319265769791,-0.140875747319969,-0.660958726100951,-0.0160493500550015,0.527383136730108
"28",0.328498709293375,0.0721307809027243,0.271641926077051,0.0620489905813681,0.81019739755221,0.290000518359897,0.865684055742652,-0.656594779303498,0.309618182812648,2.30686317143525
"29",0.499823987315448,-0.854453798186355,0.919152212535815,0.207097738333337,0.0670417786817669,-0.356758397092799,0.256964815508842,-0.0895160080229472,-0.560659599790515,2.12934522466266
"30",-0.284562433441478,0.196904309986833,-0.454229750289505,0.484673577126037,-0.0524213741573748,0.502618483002436,-0.911186656504216,-0.187682382031491,-0.294000140807655,-1.04125111406563
"31",-0.189412011828321,-0.580356230968137,0.843638530560429,0.359921780451268,0.281852348342675,0.567380509608975,-0.54104214874807,-0.294212168850078,-0.718714838590037,2.32621274605144
"32",0.441252777225731,0.0456622912634573,-0.437384114589861,-0.528766010211236,0.277806988977008,0.957359097073194,0.156253365086323,0.285241639850759,-0.921737170229742,0.749191024080061
"33",-0.454271408942338,-0.167924264127218,0.822987304910385,-0.521630684940579,0.150749426032073,0.610687264327284,0.492574943966789,-0.535270562964439,0.644678678124873,1.83504183340054
"34",0.202416535291751,-0.968331585734492,0.468380397290969,0.808941939475076,-0.365651582872731,-0.760695160396709,0.876137373026705,-0.397088116357789,-0.406344840949638,1.99748020495262
"35",0.0628527025452702,0.31100331738433,0.131752116881353,-0.7972021745246,-0.0748957161483197,0.658416835508784,-0.575392864631812,-0.403646563382216,-0.714575281563397,-1.19773350324238
"36",0.171419834151074,-0.967165709033414,-0.9154855927251,0.31985374064971,-0.559423288550678,0.473859535453531,0.24975899768095,0.735991910562791,0.489293604638485,-1.4782004009094
"37",-0.724474840817172,0.699967587702526,-0.39801881770867,0.493373327076539,-0.606747396871239,0.255067001951083,-0.0363111431216031,0.0147825994089375,-0.18289200093485,-2.83476596413682
"38",-0.671299908017569,0.65436387782383,0.0513805422725309,-0.541495092222964,0.76767387208239,0.763755129444637,0.709542135645081,-0.0295412526945947,0.739461754508801,-0.495610461953071
"39",0.358823476265304,0.120153710080351,0.0356836120702439,-0.238389695884985,-0.0178604638634197,0.304515833310867,-0.372623072722981,-0.0550631585491022,-0.630227973700378,2.12199864106733
"40",-0.95642253408022,-0.939743625524718,-0.203531832096949,-0.502924853234367,-0.740032446058825,-0.888028607416489,0.623606856004015,-0.861550841242419,-0.747820565663139,1.67689372771395
"41",-0.00792864261680083,0.942943635343053,-0.373834241251003,0.599151985404483,-0.583719852885922,0.049935995317919,0.290718376534161,-0.293424873727023,-0.555836751347211,-1.48293097194991
"42",-0.250275757658793,0.171266452939255,0.342881132771087,0.294240327319127,-0.337297880393046,-0.257087062770713,-0.339990480849119,-0.686100059078017,0.100904476544365,1.6683899214038
"43",-0.246134296543059,-0.540957765197857,0.849980889807701,-0.226190793846774,-0.94169541599251,0.535532428189323,-0.421258599138374,-0.398095802679438,0.268228082651398,1.46616206648808
"44",0.199928105494078,0.256305666114985,-0.469734684629557,0.573409837556745,0.57204644889484,-0.718180306035803,-0.0591030194087481,-0.84773939889261,0.486402956675746,-0.944788255962657
"45",-0.10862078270583,0.746930456520897,0.709621285839652,-0.309614369223157,0.113009429491745,0.458153187991871,0.926063513622807,0.893987403456838,-0.146144248381988,0.893750881740186
"46",-0.580433535397638,0.307634622464658,-0.797475621867662,0.822196831180994,0.520598103866063,0.380048073250039,0.75845126551222,0.816440938852574,-0.306547632821041,-3.80102925298176
"47",0.0614419303954357,-0.579680032129801,-0.70639978081607,-0.741849499581152,0.069717611473115,-0.309337496327262,-0.980637931708957,0.132973919902868,0.0679360639908925,2.2431480430124
"48",-0.36650962660835,-0.433486652323306,-0.505561179205153,-0.723351441250907,0.488171813233835,0.675763862170373,-0.396767379783122,-0.270640515931098,0.625687995232192,-0.371929371853026
"49",-0.061449266558313,0.859878530235502,-0.108809798530233,-0.771825929141361,-0.0246148651924745,0.169523544244534,-0.929538114577076,0.0532907179889579,0.369263084379232,0.259016487177105
"50",0.353007351990337,-0.88450366831261,0.141798145564161,-0.812444285213189,0.12718846942494,0.311427547526754,-0.27988920600556,0.796183543796891,-0.167097511067244,1.9716869382218
"51",0.899693672773675,0.185689786609519,-0.535821413698841,-0.506512858067528,0.382503410617418,0.141960996577083,0.513664066960657,0.727751669401383,0.848315730521511,-0.31847984651331
"52",0.256072566107607,0.194248017438747,-0.451362782795686,0.932025473967583,-0.858097959292465,0.0755525786836815,0.0162086609001618,-0.704661996205483,-0.431366853135839,-0.788788402863843
"53",-1.00548155491225,0.32908087787812,0.931387090943493,-0.691756715062732,0.0011295977611094,0.028612983921275,0.908100196103194,-0.234859328747907,0.968187457712972,-1.29052574176579
"54",0.0973766846379055,0.135208148010941,0.265102236994415,-0.883324559874395,0.106232591650697,-0.423849326910144,0.177982491881617,-0.43814515660218,0.756558863420132,2.31996947730143
"55",-0.154045850810842,0.36776427840943,0.957803677476409,-0.358222820190639,0.536811579051489,-0.101322242454376,0.0273927223231407,0.198374732673237,-0.579357138249275,1.48081233501103
"56",-0.380260241955897,0.0778344317280629,-0.538220357031463,-0.0230810157184963,0.0929770672160524,0.204321115435241,-0.676473108886471,1.02544758368016,0.39819183470305,-0.644032486536708
"57",-0.589424858447004,0.242843703233753,0.219739157493845,0.304734451887224,-0.131345288263751,0.666937162662182,0.41138273393322,0.629111104389097,0.947208568514777,-1.0417368137319
"58",-0.140728909836086,0.544440892985441,-0.636423288362482,-0.65762195335707,0.262152411310826,0.266149160719993,0.188511916308373,0.304765874325046,0.772687317492899,-1.75288015646786
"59",-0.865443572733735,-0.677800614243193,-0.332593444335521,0.204918387678276,0.63343818430448,-0.467005378049635,0.0609151451194932,0.547733454377813,0.569278206225187,-0.599612985513882
"60",0.454490340562116,-0.558280227868226,-0.727389787499675,-0.559678550310802,0.269336453338788,-0.452715232769059,-0.832825383287908,-0.651536073992066,-0.481377945781303,-0.748487698350155
"61",-0.635102105110388,-0.298569611428795,-0.208808658674512,-0.147393631817325,0.500076394751481,-0.742599991317204,-0.274400277149526,0.552714883535786,-0.603138264416193,-0.20299191688371
"62",-0.223323575077239,0.584877725835081,-0.274644570851062,-0.539305520942402,0.253127583022186,0.814818177124028,0.950375828411402,-0.396565365168753,-0.840348654875293,-1.25024875259053
"63",-0.649361949823557,-0.124504747770974,0.612367141246236,-0.612514464628929,-0.543238401593754,0.716461376032198,0.142173070007504,-0.809033290507381,0.494112950233918,1.87092885594166
"64",-0.59970467664645,0.297552251079249,0.33599580364807,0.597717209127819,-0.516214325571069,0.368335663642588,0.682934015570241,-0.627444888497785,0.417291367694163,-1.84529188416364
"65",0.792195154919112,0.701515670662456,-0.254068923736198,0.214147259150549,0.698894891674906,-0.361103380117262,-0.824850621853018,0.943861248028518,0.0525496677650263,0.675002503274747
"66",-0.671743025913972,-0.694882246870888,-0.495263167143111,-0.537719697780457,0.457238175507632,0.0744066196217875,-0.896594921977392,-0.562186397678436,-0.28650104328121,-0.696576860607412
"67",0.923905333999956,-0.0981276574000578,-0.500083767590576,0.972240196512669,-0.193930250930691,-0.21524883945115,-0.0101637066615152,-0.724422131145615,-0.407109474771118,-0.436838729293578
"68",0.18628444336145,0.997481945536845,0.464904964222476,-0.837073443515123,0.706445771322047,0.751685703276475,-0.92111651720758,-0.813945761303788,-0.517031645855185,0.622637105598473
"69",-0.229815727730201,-0.683966979842707,-0.263856104226743,-0.760610886216092,0.292457439161783,0.573948609178686,0.611011734456559,0.955763600530093,-0.694948385219771,0.213572501334945
"70",0.894808996552616,0.526767971459302,-0.744615627729621,-0.888456313746384,0.964750784238,0.541577820973145,-0.00983250235849012,0.786035144254064,-0.944559795359698,1.89913163511078
"71",-0.247127539992243,-0.654342325513041,0.623036591470295,0.840324927954943,-0.22220739168886,0.687127583336974,-0.133602027960878,0.119446372640029,0.249880531859709,-0.121610479568
"72",0.0171076577188157,-0.192340949621502,-0.32620476022933,0.972300038180756,0.899504246246116,-0.929917043134219,0.769012699465735,-0.710721289736045,-0.0346502591492344,-0.967820064028298
"73",-0.385384976821428,-0.213615750442243,0.619823734059117,0.699829342577717,0.33929061529874,-0.759303827951993,-0.569774468603906,-0.323361824892869,0.0366893658584955,1.10202751649945
"74",0.706730088596145,-0.353925195147903,-0.42745157610027,0.372349618191538,0.489303972049452,-0.29330455738868,0.759484858580497,-0.410870307149609,0.332962998095506,1.9114520412779
"75",-0.631202359006535,0.331760409945365,0.436812089777935,-0.515341907149365,0.247718815611487,-0.161512148493544,0.0472556188432109,-0.873879275526073,-0.0156519549855918,-0.865951217970738
"76",0.36342357858179,-0.258858781080555,0.651248739953262,0.0343361646432881,0.934783820614814,0.448838843102152,-0.0250399808894955,-0.467903559827454,-0.102679075314358,3.08860943749457
"77",-0.320673591540067,0.0849954231313918,0.0730124745810066,0.287568105550067,-0.313739671576717,0.222091605929403,0.85505661256175,0.938722971374939,-0.34007850782394,-1.98880289943443
"78",0.674653865422994,-0.572118983915517,-0.581228455240153,0.518759020903432,0.854487705419053,0.475264613318167,-0.929940948291135,-0.438155026840808,-0.257005263142965,-0.653481155964523
"79",0.904830820698821,-0.208449483553279,0.487661462176556,0.603286844925124,0.43972238806197,-0.122152427045282,-0.129664997402731,-0.343499860534703,0.28166419600026,0.0549390298736374
"80",0.24012220091752,-0.37981043803056,0.984100349088625,-0.261350790821025,0.471886532265349,0.806059270734228,-0.145936338157839,0.964576649408571,0.731684058063561,3.85304597607062
"81",0.832034143016106,0.810810401225281,-0.456503524667031,0.518164827859802,0.564959617896587,0.64813417459477,-0.738585336113379,-0.639604942241317,0.287917380889611,-1.42068420131876
"82",0.214144052053484,0.260410688440249,-0.256487729164414,0.900091128545675,0.043776203282395,-0.392393222484917,-0.622767022841011,-0.0766918307072012,0.658826209888419,-0.956668644671051
"83",-0.492797889298884,0.527335686833417,0.953077483070641,-0.672577518051979,-0.00834493982484545,-0.64527506179663,0.170061743198283,-0.768790166558328,-0.890517015852593,0.132208377518357
"84",0.510218756810356,0.0714513119561674,-0.629824197570083,-0.668151498676789,0.411673274024804,0.737392901808395,-0.690445573527626,0.679345531615025,-0.530779464227531,-0.0481422280303083
"85",-0.514325609917634,0.889957940815025,-0.756403942135062,-0.244728164182574,0.477635656758796,-0.0104982504845932,0.837830923946654,-0.67009443639638,-0.038332999958415,-1.79677310339235
"86",-0.558985697901036,0.976300865281086,-0.0780505900867983,0.5658541414329,0.0454680766622936,0.0881973307126809,0.58528094623672,0.0820591936508775,-0.68929480839171,-2.85649209731821
"87",0.813192775763457,0.430322158549134,-0.243657949875532,-0.504076244714691,-0.266709121063815,0.634933587756011,0.8688062400774,-0.158669546947613,-0.122769286011335,3.11519089411219
"88",-0.35106426309378,-0.296287286155458,-0.0768987894527254,-0.563482237210843,-0.472306140971903,0.388008272159037,-0.72636158052497,0.385456464784386,0.0657844064092862,-2.21354897274582
"89",-0.990057895887204,0.711162282809137,0.287595053665646,0.879430887115239,0.95695594720676,-0.504218801205297,0.276409535177439,0.327425181271301,0.798617003818802,-1.2681007840735
"90",0.0691887872127478,-0.979406590298591,0.417372548727478,-0.227467650968847,-0.110755323144842,0.0420369819354094,-0.483539294758955,0.672488232185362,-0.81695397077556,1.29869572583153
"91",0.379768358094168,-0.468391112036447,-0.241562565291293,-0.074035114216038,-0.604987123754667,-0.826089665781414,0.0505305753449466,-0.39725619152707,0.144575399927734,2.63533207226943
"92",0.00444451784704045,-0.116132715979045,0.487726492036799,0.631524250206755,-0.363222221541179,-0.166669032701924,0.457848538915005,-0.336615801154403,-0.0361641916356783,-0.15567628395377
"93",0.400996991985894,-0.280173215313251,0.169118668857824,0.015432022522687,-0.605721595908582,-0.510012044054321,0.422824683746451,-0.387421723809259,0.877056260475018,1.01920289472692
"94",0.23129353724801,0.289447851951518,-0.395128147260387,-0.111903138462096,0.158474159724616,-0.401397519834257,-0.28180371747742,-0.24720846491838,-0.248302306430382,-2.27370020295911
"95",-0.703907353073507,0.396362146373792,0.483254698216123,-0.856851210659971,0.763706194655631,-0.0278527381446993,-0.251793110768673,0.767780248707494,0.357235374610237,1.50472248690748
"96",-0.596879289105355,-0.00636992845215698,0.405134043468472,-0.868775276362939,0.417412900708559,0.580682592756591,0.282582957377285,-0.931978029427132,-0.277627753026145,1.14735184545431
"97",0.169405316920973,-0.69162481423358,0.875590700870215,-0.415159182321259,0.225657085291494,-0.502343068560422,0.817095667158042,0.539608218419968,-0.933268375264745,1.44523390019265
"98",0.0217514024288061,0.427729652389384,-0.808462224237485,-0.445375628200119,0.489205519865959,0.730083367604002,-0.0925537763981776,-0.214687495668973,-0.378734550006909,-0.726469476184873
"99",0.0874355286620488,-0.739733490807108,0.580677022962877,0.941052028763474,-1.00894479330085,0.18613642561699,0.229575444206098,0.586218623441125,0.30913422959608,2.08473032301441
"100",0.603370456239149,0.52610737185785,-0.27779354184096,0.595553664760802,0.947151374423681,-0.259630351059048,0.458650760549601,0.963648834992386,0.0418624162210767,-1.21203766051152
"101",0.605245059777901,0.865494141949758,-0.324245900759072,-0.86352757766247,0.471101206577709,-0.934893222665751,-0.61666375514221,-0.0645262168131422,0.646942802820178,0.658000508817523
"102",-0.559889133046484,0.884997893839921,0.730016015938388,-0.890894258304955,0.529667858028276,0.115514906997993,-0.175381441701098,0.00240993598414278,-0.494449994658907,-1.4763184546047
"103",0.747483386041634,-0.322478375568482,0.166896448501177,-0.177529486509002,0.195354894401114,-0.269088046740914,-0.56844953616434,0.465681906502731,0.306235728763584,3.16876123661913
"104",0.557876486118184,-0.22454479602344,-0.592845116648524,-0.247723946072558,-0.0442635903540522,-0.0665828859644677,0.516545918309412,0.0974186064826882,0.0312503359930309,0.647457523500469
"105",0.928236362558212,-0.857184958639615,0.781335202741141,-0.0547860123738778,-0.69037527957526,0.85917803718458,-0.773026837186136,-0.883938086292671,-0.10893925795066,2.34938770832945
"106",0.259410361735739,-0.798170331320078,0.159412181059887,0.485594343658523,-0.509645543013881,-0.961950852654139,-0.917459164966547,-0.942117106700579,0.879869555114184,1.84027276359476
"107",0.74717356927977,0.828730980371835,-0.385545228525716,0.305884974570158,0.530854389044704,-0.37939453377581,0.785935566950665,-0.38174611955496,-0.881824339270382,-0.948622237404484
"108",-0.62951526746874,0.503300056799278,0.495936334926799,-0.583147998183007,0.679828926487456,-0.623590654192007,-0.542261865737153,0.393350977881273,-0.108128351794734,-0.0810632212338543
"109",0.144976507758687,-0.770158801261389,0.0949467784169874,0.0332637628695301,-0.428983778574496,-0.164853460033642,-0.912569162567728,0.115886282786727,0.615125664754488,0.588462043152252
"110",-0.356550262706231,0.69939296018101,0.763442963035826,-0.673039297826019,0.805884560045143,0.226368944008343,0.778120442770369,-0.811542525897907,-0.388863788324052,0.00268540071806989
"111",0.816178854459361,0.185002767361308,-0.826193899657365,-0.662782840187285,0.40093334770831,-0.823188013077216,-0.735844731625967,0.052665997932014,0.170689706197952,-1.52618330534001
"112",-0.244454035543862,-0.945960328479549,-0.338340179470124,0.826074380450686,-0.229204582348708,-0.0660621933336255,-0.651807575834171,-0.841067465461026,0.982676467594399,1.47881019040741
"113",-0.490301388644731,-0.192751725358475,-0.826975132039495,-0.396792126031941,0.552464614020426,-0.589474320485139,-0.93804269800348,1.01164052214287,0.0850858799176764,-2.90954760371744
"114",-0.423977484910181,-0.521403879696193,-0.241764554978967,0.245571354121657,-0.362285698115843,0.960436678391931,-0.991328896070162,-0.357321678067141,0.6816977433719,-0.281583571597633
"115",-0.737468229627573,0.221734763171542,0.0256942427668282,0.579967381327701,0.374435155212485,0.291558072344515,-0.910794913916896,0.220384639200146,0.36341274936122,-1.84300890963917
"116",0.659294415877717,-0.966936566379184,-0.37963250411557,0.257290035596152,-0.619963173758776,-0.0646177168385048,-0.342674818535159,0.357543475640625,0.698592302479816,0.512822989023684
"117",0.0344359597781941,-0.936890117029775,0.918886454664786,-0.661309214202684,-0.0355504904409411,-0.999663305201864,-0.851692382031655,0.268668892468498,-0.3515379310945,3.89165939893423
"118",-0.848460613137348,0.973491380265938,0.255927619246079,-0.485308141589623,0.660174952071788,0.964185126049579,0.964463714377701,-0.415779319757705,-0.529150980053263,1.11006886582532
"119",0.150077289179068,0.24929535396731,0.578864461423848,-0.779748338493247,0.547511252027538,-0.314310822476502,-0.703980763285146,-0.728772615640858,-0.208520546748308,-1.16694648932418
"120",-0.181959862325765,0.906254508463684,-0.933406587279727,0.783161138230374,-0.0994564280683061,-0.977406681727566,0.197677964249768,0.0646361108289591,-0.237044878922367,-0.715651102567849
"121",0.240462100035694,0.817608611194026,0.877514021407669,-0.292714253463958,-0.0620502926833662,-0.386278914265633,0.424651806871092,-0.289288389131069,1.00517900786727,1.09690560603611
"122",-0.269945227075629,0.895145267136731,0.902791195830066,0.252924121206361,0.45200706393431,0.102114594759593,-0.036360836844901,-0.238462414201561,0.685698946133397,1.68404630883418
"123",-0.716067745739519,-0.466627913220823,0.260949580703108,0.51424836976742,0.119532690620745,0.14190127744729,0.381627193829706,-0.417538604064396,0.12642648633579,-0.103285733986282
"124",-0.339965200063198,-0.891896110208985,0.63845107027126,0.278848432173313,0.881949361477898,0.168709170767132,0.479876766625127,1.02034382238574,0.260939455669373,0.171331680555938
"125",0.660504962611437,-0.47948996954242,0.984290810973534,-0.220307941318057,-0.932884582727156,-0.996286476217929,0.405813061291994,0.977281281662003,0.423877276746594,3.46831817097565
"126",0.105058624679048,-0.218114929740952,-0.512605556733977,-0.189364060902811,0.21004929768188,0.0207349984862372,0.476614124436856,-0.431201354982375,0.437681960505373,1.22559087721606
"127",-0.418765894308528,0.60941287269759,0.68221167108116,-0.481873856735265,-1.02898718422787,0.765085510681264,-0.60804253936264,0.379572611728278,-0.237304155931816,-1.3226375805042
"128",-0.388467379899761,0.274936807130077,0.0421083734386742,-0.244092141894461,-0.702098962678124,-0.880178531708368,-0.241942221147353,0.113547303044155,-0.0573304866641571,0.808080606791488
"129",0.274422641657668,0.193253551363643,-0.284856267817482,-0.0840491482942027,-0.978520947997709,-0.653522860132598,0.0689499621119403,-0.308724847137553,-0.484984600923523,-1.54016500303477
"130",-0.687553624538469,-0.0153955986475808,-0.537989600483131,0.109420470629985,-0.063081340944794,-0.977423086031409,-0.798603864036055,0.109763243926148,-0.310403333214975,-2.22312645513847
"131",-0.358081595937099,-0.08080638517582,0.865772684800077,-0.734624225096695,0.457968001273679,0.688167242366036,0.649586403719235,0.585671498253381,-0.831060255961926,0.430201056774671
"132",0.653897848337136,-0.926783584291404,-0.220538720137195,-0.830284238258674,0.688826066787166,0.222102039815777,0.271632202543242,-0.657974905565844,-0.459797806033393,1.00796201494664
"133",0.804745868009183,0.825446887362407,-0.961361994984433,0.0234170110691734,-0.653255952255504,-0.251252518869344,-0.575373755903182,0.911761057964,-0.264903594630413,-2.47813134787775
"134",0.435295241902631,-0.132618270262328,0.607093227226445,0.394909030821849,0.222193755416211,-0.769763714681524,-0.936855296854098,0.914378293307323,0.334707196567532,0.849761815945628
"135",-0.166461631020237,0.504316082466347,-0.566264140962685,-0.150407859641075,0.51634953144551,-0.207376437103886,-0.746406073020605,-0.110021282622976,-0.254932676891229,-2.14407698691968
"136",-0.770891363335326,-0.956563830180687,-0.517144724708095,0.960612716800959,0.432262436478253,0.0443613951285783,-0.7817071894266,-0.728160497030463,0.762700734495613,-0.546461321606259
"137",0.926998236559265,-0.959454374401342,0.468876982115526,0.921997808158289,0.939728046559429,-0.642247480407664,-0.657648662065536,-0.801362189877841,0.0920274243536107,1.17638104585384
"138",0.546786968296061,-0.0110214130795974,-0.73750678750799,-0.552031140448595,0.423138355567572,-0.685981359121998,-0.470718862650554,0.889903640133606,0.384645050173822,0.86753674190388
"139",-0.641067083439162,0.291148413825592,-0.181778695156717,-0.633422184649606,0.795969495001418,-0.263322372646121,0.720439544140291,-0.48086103899121,0.259330366511967,-0.448284472810256
"140",-0.168192938501543,-0.0292265016592972,0.37077702944036,0.818719955004055,-0.145041830218795,0.0273556153053443,0.745652102120166,-0.55321067948408,0.917424190046666,-0.534212288014759
"141",0.779131192199064,-0.35317148559578,-0.897901621850635,0.00420301091335365,0.10797489063419,-0.632573103264112,-0.570187257046661,-0.395121250147177,-0.924155154350843,-2.08012802539606
"142",-0.207166911471723,0.230504524035035,-0.105901125073087,-0.259161713306585,0.370904474401858,0.713419953327609,0.24948351018116,0.70722300804974,-0.0225787071927449,0.55507869885003
"143",-0.340193628927441,-0.728780517243431,-0.161363954438466,0.175041501347274,-0.949515270320214,-0.653607767459319,-0.814297267254474,0.425177448868034,0.0762683093173106,0.788757477438992
"144",0.452777958908875,0.711807621680735,0.37727469995829,0.0750008806330062,0.646047020233665,-0.312377573834129,-0.344552758094427,-0.840446790492953,0.732866630628296,0.234164138979053
"145",0.811932723776489,-0.220289116496789,-0.053476011024008,-0.418398294565449,-0.732323452371504,0.389756726686351,0.93414447489903,0.568618343544899,0.364693648656027,5.01490631698409
"146",-0.0577741853370154,0.0594387963054681,-0.582832568219658,-0.749287705600836,-0.468764376643329,-0.520770563124459,-0.857173936942122,-0.649649657702164,0.0277331059301311,-0.0268208518735116
"147",0.013782915378085,0.0522035441278517,0.554552752849185,-0.0896234016312886,-0.477335828395181,0.0214720187690647,-0.480623159457217,-0.837123477275139,1.00802174079784,0.575417605646837
"148",-0.954560504898138,0.263092836898377,0.626166763264556,0.63057459856337,-0.91563288248864,0.0120572947982283,0.147756424138018,-0.859984419006442,0.306663107364361,-0.339193161746163
"149",0.151809029897245,-0.497715811998377,-0.0936120484881812,0.469504719514032,-0.0182707598403329,-0.840586065179558,-0.541731811276901,0.237059442454271,-0.140025067975618,0.124334201964415
"150",-0.540754735844745,-0.607037615725984,-0.465680261158272,0.223554962819116,-0.623209842850343,-0.846905097610232,-0.382694418701411,-0.847436587152744,0.251907122770467,0.178713166229805
"151",0.655509579053341,-0.0837914805583595,-0.650921809474983,0.690906695905778,0.940633828418776,-0.390029401622891,-0.640953106788333,0.980010171390835,-0.392476616059911,-1.65214032002354
"152",-0.464512813399087,0.156407717302893,-0.45284894612822,0.858231280315412,0.168835243957804,-0.92039187349949,0.623345181300946,-0.729113650173792,0.784645964452788,-1.69036297528229
"153",-0.692485349023604,-0.600598449793249,-0.014209126547097,0.689193886159949,0.818494598659256,0.339048398638695,0.562638395300365,0.607691977113915,-0.32214587293109,0.472488150196915
"154",-0.101610274914904,0.6543295739292,0.564949061321175,-0.679983048163245,-0.286971088127823,0.963861822840577,-0.0640678550758967,-0.00242994073193742,-0.153336750358081,0.168778546601024
"155",0.632332781057461,0.0575322798932036,-0.774867667323902,-0.345774428111818,0.310178222092209,0.707580359025818,0.680586704662168,0.120664081706713,0.100877067235447,0.59192030941346
"156",0.312933698500731,0.224591133275319,-0.864834680258764,-0.156533597567305,0.796128158828869,0.57114726425588,0.776079109370795,-0.257792978215925,-0.0144497642528091,-1.14960135364177
"157",0.381514281623301,-0.272330205821878,0.584582727154906,-0.347363968936388,0.915387749007294,-0.220264897497957,-0.366747386917055,0.846623101661321,-0.288652296656547,1.67219745058178
"158",-0.170362587493428,-0.66999310649387,0.471327104062135,0.914427363074788,-0.580369528236191,0.165218528755229,-0.1437927729018,1.04740095427606,-0.06285804424082,3.33085187973044
"159",-0.227863417310571,0.277633822223934,-0.647146105369092,-0.227840017150659,0.397648230082619,0.789986984899668,-0.077071826312276,-0.60296882089848,0.519256198593375,-1.13762451368949
"160",-0.871372316563646,-0.0309906851881547,-0.900985765965926,0.293658527348584,0.968434967290505,-0.203582761107487,0.0437923661808795,-0.458540024697556,0.932553016152182,-2.34385753075961
"161",0.196522233857804,0.329434367700865,0.480592486639785,0.554253475608144,0.603270878441788,-0.279328832323476,0.41976496707736,0.220389772259101,0.111927110034297,1.65006545256161
"162",-0.827067379643255,0.201416158284818,-0.829123786244691,-0.385287352359059,-0.340605092864203,-0.730780453927521,-0.117178472333512,-0.0884260010179998,-0.461110150272712,-3.05047405997895
"163",-0.724087477462107,0.599016700887279,0.972121750178126,0.026151992603725,-0.113022735383513,-0.232144715587254,-0.885613418908451,-0.867654258966886,0.978662834024569,-1.12240787712694
"164",-0.0232752320048775,0.634940185218339,-0.661489685752701,-0.722386042571126,0.795723084895652,-0.422742220151659,0.312377143831049,-0.532801046779879,-0.277016562956699,-2.08352004775039
"165",-0.779955842363437,-0.0128798433681216,0.290835189243828,-0.457525070504762,0.47547927533439,-0.656458351042867,-0.0255606706192704,0.00189971137170876,0.100935535175473,-0.192291501459631
"166",0.70870260794257,0.171833224266474,-0.0947917246141391,-0.344430076631443,-0.447484520330402,-0.450278407381517,-0.177542154416355,0.670926700429844,1.0340818160862,-0.0938802953234343
"167",0.703564839092137,0.117525689215305,0.014766877596352,-0.043293808326481,0.20360479300811,-0.0288104588390774,-0.966449486428974,0.0734714691685072,0.640439164692425,-2.45525955708787
"168",-0.569913912590285,0.954380905056626,0.401734035417424,0.156131404797981,0.938393832783375,-0.167828592108451,0.81284641111187,-0.242019013959866,0.97853254604062,-0.496525716336752
"169",-0.47065771096583,-0.802860992900447,0.421421364297305,0.494396285574397,-0.229176539424091,-0.29673796686066,-0.327165320020054,0.415511248559571,-0.0411317150396774,1.47862873071238
"170",-0.154383331864033,0.553225826250364,-0.412779760725883,0.517554351573158,-0.878189244477894,-0.705722854986077,0.393657056877537,-0.498516423447752,-0.155807965664904,-2.36517490794851
"171",0.385379207253746,0.407178223790446,-0.507650179143359,-0.141734690691023,-0.773204688635253,-0.759744815627739,0.0879431470714454,0.493208286248131,-0.45176937666028,-1.3272593832988
"172",0.859160061285084,0.430836185344879,-0.1892854304537,0.503652130464092,0.148301832248164,-0.856782264368103,-0.0452172274275833,-0.0872693523384548,-0.0411885101890438,-0.882144791599669
"173",0.385766342450628,0.477887247075564,-0.794041761006059,-0.253664434669048,0.0772500194343041,-0.876773954532239,-0.702753267040805,-0.0469878610357465,-0.434755015997854,-1.94341773999519
"174",0.125628088757367,-0.503276356746613,0.943034510254893,-0.207249674368205,0.149434628921235,0.250193020305544,-0.176924501711329,0.445615639409902,0.141829960989883,1.296247197485
"175",-0.846307872181939,-0.451186215629461,-0.823792094345926,0.660497805583206,-0.189165415617569,0.825592219835549,0.69565506445208,-0.0279232802549513,0.762441340938722,-2.74893947898055
"176",0.980336022306857,-0.0513499686497729,-0.363486008289302,-0.868026279745156,-0.799726602677976,0.2896161287366,-0.634255086607733,-0.0188638250161691,-0.129112839104242,2.6605670057429
"177",-0.0641809108060566,-0.0568038704017625,-0.688466178566176,-0.0831982384280811,0.168325626127211,0.0503799580413323,-0.0857731592287596,-0.682292821546918,-0.590190022450776,-1.37817940774273
"178",0.805260415887212,0.370169995913442,-0.507636616355323,0.902094155217454,-0.133276234064651,0.522443425276784,0.664817026597897,-0.698138164404192,-0.582669662531885,-0.454753913502747
"179",0.298825919339104,0.921759668780796,-0.401553258236301,-0.260100970554846,0.125204156723011,-0.631608446049683,-0.904482718939059,0.484368634284319,-0.432867286506536,-0.928809444246757
"180",-0.214069334077571,0.185232214217119,-0.155978107322899,0.188427780323644,0.331477408586192,0.431641133760035,0.187624641329686,-0.00369089299539603,0.102754988511656,0.973713469503791
"181",0.722145549141745,-0.483380387588699,-0.908868369794213,0.212154042062949,0.497330326844805,0.760618211825137,-0.444161823095454,0.378617776092339,-0.346328043272998,-1.0627630582412
"182",-0.408147959628574,0.781916217680162,0.195591398067957,-0.876767304110748,-0.0688888937528433,0.331515235676368,0.0167856408825706,0.640467105487332,0.145999053203136,0.49265220562152
"183",-0.457888932459076,0.49443498493423,-0.645330287182926,0.484619260703987,0.536542785098835,-0.734711014220691,0.699644703936039,0.964725694196407,-0.418734885302331,-2.74536745098213
"184",0.829379148354959,0.227636692352054,0.21561327230514,0.0459131549984975,0.307397681003141,0.257052752025882,0.337341117293178,-0.69294845220986,-0.575426939690516,1.02832281327261
"185",-0.449842374033359,0.54925517873963,-0.912972554760054,-0.832246886252418,0.336340865217006,-0.75256887556648,0.985321728518074,-0.417839753024685,-0.480880866994797,-2.34325812426331
"186",0.792549067609286,0.228645403912886,0.354877184458734,0.245430680069456,0.820042229715558,0.729747140553997,-0.668754082486226,0.814434997333395,1.03937139491543,0.0171050483483104
"187",0.766800677391715,0.910155583974035,0.642081707459109,0.108475878271011,0.126282073515009,-0.360143997402793,-0.206570604634628,0.43862520574977,-0.279059391562288,-0.427542032290517
"188",-0.761616142966738,-0.0311257281900189,-0.128463071093285,-0.192497358231296,-0.653940913475879,0.39431262202635,-0.300224151770879,0.170378411854557,-0.205762891260893,-1.42369250756885
"189",0.576636483867406,0.369825972940937,-0.458630767545792,0.568418414188684,-0.268987662339888,0.108430456047706,0.166926459808283,0.69596070642006,-0.749555484429303,-1.18789315528584
"190",-0.316104779056317,-0.11981963629486,0.0891165904656435,0.454877275796555,0.819063998302575,0.789959326638988,0.239362995565283,-0.560579058461694,0.395532147400554,-0.0447933092178779
"191",-0.210931014320271,0.375962539770652,0.773174893472981,-0.477597655715455,0.968657369314465,0.481184697598852,0.950375610150362,-0.376866619316492,0.0402519684247903,0.780816551986804
"192",-0.00729276211437058,-0.68251523283707,-0.0430315326670869,0.40217820937058,-0.816990713635838,-0.289105763070488,-0.587345201391225,0.751853192910044,-0.649666998824085,2.51421620158777
"193",0.851744037405714,0.676522283385712,0.347636959181579,-0.630100596415362,0.955593732467263,-0.143250135047653,-0.281847060322381,-0.0319186227446397,0.692412147473751,1.63477148769652
"194",0.269644117813296,-0.239327801340772,0.683671739344335,-0.557725425349579,-0.206317862801021,-0.643549660787464,-0.15518722541444,0.7283563488193,-0.417763138238354,1.94676907230811
"195",0.326373699462118,0.558886943205406,-0.312340193816374,-0.278568080475476,0.213561987444234,0.753826227858751,-0.367468346679161,0.814124902281128,-0.35495747844714,-0.290773247046408
"196",0.109412769889227,0.416828538105872,-0.158492260132097,0.62939817634288,0.0797843016457482,-0.249482195453055,-0.626743135043263,-0.127911903716427,0.481431103902399,-0.420220499138015
"197",-0.854604174068717,-0.448351186120379,-0.76758374550646,0.331167457902967,-0.420121007701092,-0.0906020961616663,0.258530891682711,-0.652928180436297,-0.340603652879215,-2.81983903756819
"198",0.332097234966824,-0.764892424735687,-0.192091759139222,0.822403314716597,-0.93707330775682,0.576963570614038,0.532596334429033,0.0684874712279144,-0.844563614596485,-0.443000052617475
"199",0.661136578026772,-0.326185400481054,-0.134495572418453,0.118497550654954,0.458214959112429,0.853249899740886,-0.980086539236206,0.129371977989991,-0.0768524332343606,1.77160728740925
"200",-0.571419177300274,-0.879143049598574,0.512845964062682,-0.98246452944855,-0.484309506249458,-0.926026800620042,-0.11110694394868,1.02549874229044,0.837313881539663,-0.154973957811292
"201",0.239109258697644,-0.189815011000795,-0.281133851158822,0.990690875329777,-0.278340271947307,-0.35035193088542,0.263855310605028,0.0207340895246132,0.280986143793042,-0.624458184511627
"202",-0.0986989143520249,0.719937188027866,0.379764269838116,0.431564363862905,0.235820319138233,-0.405928878064337,0.441460082549829,-0.0259940471003538,0.507978198565848,-2.31916384376426
"203",0.530972671161186,-0.246643346786218,-0.661202551867061,-0.829801346662686,0.172185384044412,0.879977288762597,-0.894037870289076,0.242574042187752,-0.704129404717607,0.389505204952971
"204",-0.480591306800608,-0.971584267371613,0.00133175393448694,-0.456509849690641,0.531499156577788,0.816183322480059,0.931586430650649,-0.120970608495656,-0.657215365240379,-0.023743571886523
"205",-0.18124465710567,-0.744239076157291,-0.106512215288111,-0.269513238803608,0.511020791280792,-0.761748382903466,0.178464324162228,0.869714300467958,0.249824784008028,1.08079101386846
"206",0.758008357554161,-0.339357401994616,0.212274755048848,-0.0263403950527692,0.0599074730352221,-0.75827593912805,-0.889139819857241,0.0874478420520441,-0.354164967635778,3.84539158335379
"207",0.482370769439891,-0.914147198682327,-0.168110358230527,0.426553069764909,0.839267469711673,-0.577035905902752,0.895942097767662,-0.808332256670833,-0.440433986803071,0.648158018280012
"208",-0.65939163989567,-0.878300582482473,-0.419259510852829,-0.0451567757466914,0.418263691421838,0.2168759429399,-0.650058842442423,-0.848511280055568,0.455645890624331,-0.673851961319978
"209",0.359661158383396,0.378505669115024,-0.100423546008106,-0.839207902510163,-0.694068816019594,0.174258129649307,-0.531849796307184,-0.119980233303251,-0.791237699400029,0.284673448129318
"210",-0.033156523119248,-0.307558700146031,-0.264877162288748,-0.405229028777764,0.108386557438831,0.161098998215864,0.670261162520054,0.0373435503863926,-0.776924625054961,-2.1674559502608
"211",-0.868516381685523,-0.192292977431157,-0.722222886759957,-0.0747793289471066,0.0826167133536579,0.657966356897209,-0.424567836949053,0.347678253758106,0.421178521816752,-1.15829739151345
"212",-0.544866797852305,-0.645824121755389,0.619454175057161,-0.181062006842404,-0.892974517732154,0.850610025093984,-0.555072406091803,-0.667851152571498,0.29298301205165,0.922736692115235
"213",-0.605310916712968,-0.23465627802783,0.113911891389153,-0.871000371691666,0.415786482829836,-0.862421163294042,0.615079975513953,0.085810477140136,0.38246891454588,1.31029546731322
"214",-0.0704325737926473,-0.600598763810817,0.716330453407886,0.808332815718758,0.325311229052298,0.849679148609946,0.518065886417619,0.0644579175038562,1.02322797083396,-0.774961603807149
"215",0.490193001043451,0.391815548180673,0.274446427180716,0.265741255530156,-0.793971920267743,-0.389506122180577,0.617607445560052,0.548108096410068,-0.400357044246228,-0.739085986979051
"216",-0.259709126121854,-0.226820853154905,-0.648987321843756,0.596870837129101,0.0928392585779867,0.126357682720224,-1.0114587782526,-0.0324337293571905,-0.865594926797376,-1.63875123740897
"217",-0.0920230938715575,-0.552306160390863,-0.818812973707631,0.132357926462942,-0.457509856310462,-0.29162743239559,-0.209251480113838,-0.807761839911704,0.865351259185055,0.200473531839656
"218",-0.318003918674357,0.0451436782612293,0.340791011339194,0.581466061442648,-0.931451572561772,-0.048180670732254,0.180725618124635,0.021148047706491,0.402011675837331,0.0700366722021521
"219",-0.973174121094326,-0.822063365095435,-0.0288233478569631,0.525624690247626,0.481317808120913,0.27595149322287,-0.0532297819702454,-0.856364452738601,-0.311212687634801,0.203677112552516
"220",0.517665207018693,0.437661136895756,0.858353738269686,-0.0843608869420257,-0.0687846538650079,0.913731330090761,0.958656779495126,0.965445787133198,0.823399147429229,2.51933957077863
"221",-0.585262973895413,0.515234766783734,0.491780816068407,0.366957043652129,-0.107266178146836,0.746717142452442,-0.507510914531715,0.999563554551931,-0.952492223380004,-1.8902503853243
"222",-0.488112610055849,0.0352404538720925,0.458845973960201,0.00711315266446138,-0.930480812165612,0.00972403544469156,-0.245602545928676,0.453044893535599,0.898715441952491,-1.42119206347101
"223",-0.194260628868573,0.51522189836611,-0.389876707671228,0.0456568919037654,0.191358924395718,-0.298408837181502,-0.867833728016323,-0.0297818108334439,-0.360208406698125,-0.850985278266013
"224",0.275799822908125,-0.027375300928499,0.523457347226695,-0.247726144230754,0.668026690965127,0.0937370825951818,-0.469358593460205,0.0472203936573318,0.355463233794592,1.03723738344101
"225",0.784643198514582,-0.247144334076207,-0.219907661976523,0.724626051035129,-0.681290292180263,-0.684836170445222,0.344704930407976,-0.55984663443217,0.64767398231086,-0.616610899875691
"226",0.660867306914632,0.506558054862174,0.803269193984865,0.163182221934858,-0.30644603832936,-0.0206882931545372,0.243630257461459,0.271665444439317,0.16861745092921,2.24496535897601
"227",-0.199655614877675,-0.535346794057391,0.357074236451695,-0.474089218285476,-1.01304895923451,-0.543342474958712,-0.789715820954796,-0.0109542708743059,-0.787049663549334,1.16383174556871
"228",-0.851773534738689,0.894829394083486,0.0716205251790982,-0.595488167275691,-0.495967035098567,-0.0625729894823309,0.352849997333003,-0.301050361854951,0.833857576421999,-2.23774192629655
"229",0.485010025043889,0.434527961673975,-0.808586740828365,0.506231917235922,0.797914048440515,0.536567906962263,-0.377253471636223,-0.524916877402563,0.704778668594773,-1.37335948108927
"230",-0.308063397690679,-0.93243370109033,0.0904487364036324,-0.648126096272299,-0.661047127180395,-0.245172328392025,-0.735316898322597,-0.832772675268782,-0.415673049068095,2.28323374321945
"231",0.0712526541414916,-0.368955256956013,-0.634062086420533,-0.485391843152856,0.54899421463108,-0.145224420695806,-0.0132767775480246,-0.0685424011118096,-0.715977091682766,0.656397172000375
"232",0.0958859287409332,0.0258369025986191,0.383794391931571,0.514796760863102,-0.326191770268781,-0.413482891079102,0.275539072509722,0.659389875835522,-0.336365561088338,-0.896161608972158
"233",-0.413192496430199,0.471711645810283,0.458049481365394,-0.4896976614766,-0.90498921222402,-0.036099587545063,0.655961626948208,0.977255893806649,0.0530190743825038,-1.10160079323931
"234",-0.319665510283462,0.500880385318138,0.809127965032622,-0.247217003715596,0.515617893319105,-0.616867243017027,0.478037231499748,0.993319405753184,-0.871093035366409,-0.908053748978525
"235",0.057649017768777,0.665074245943792,-0.473451010795102,-0.9552353541574,-0.30039147783306,-0.173668084947701,0.317686431464091,0.632477980946936,-0.866253016794191,-1.73787578411206
"236",-0.983580821110012,-0.508911810571067,-0.874198023124719,-0.1881722290389,0.606161632467502,0.446460557257004,-0.466282988374613,-0.281750737267859,0.541053890580726,-1.24631159710469
"237",0.823912048501266,-0.852893303333497,0.867355066417185,-0.415251983813818,-0.450293606153954,0.945290614802245,-0.777681484481134,0.884519359249917,-0.0983826658165152,3.44517452972191
"238",0.238954110248664,0.901506102566765,-0.0663865339689151,-0.38758450675376,0.0555298317943734,0.0673452680806982,-0.582554911182046,-0.826972238767808,0.2435863137824,-0.424684777526692
"239",0.632857887185063,-0.457089833412006,0.138027895543802,0.555012183047441,0.724938268649041,0.320282818325118,0.890604959804592,0.794253570509164,-0.316023787799985,0.826942469688782
"240",-0.251196897032105,0.149160969156602,-0.685736648167994,-0.853133272354049,-0.526931777539289,-0.101270446913975,-0.116635953058583,0.240969394768977,-0.413578451355355,-2.16869580075316
"241",-0.084665066723221,0.531658742587239,0.0710333883944739,0.660280540351071,-0.556063944677746,0.922458282356069,0.801222352361548,-0.535716256984663,0.509754934774563,-0.629870456163421
"242",-0.533557091802131,-0.7698253011033,-0.548694288988756,0.397962733019509,-0.595857772736821,-0.0871676402235046,-0.0438501415089833,0.328881538437906,-0.52214723633707,1.49520729361486
"243",-0.416686389265073,-0.324836508971051,-0.136757287234396,-0.696228170301301,0.0357501531908358,-0.184301442161902,0.871782995336262,0.194838078765476,0.556119699789223,1.73619149770506
"244",-0.435851122337135,-0.132056196612249,0.526672599365326,0.95443840721706,-0.977672815888304,0.49291607578627,-0.142766374754679,0.398586373541141,0.74333933634607,0.201732242799276
"245",-0.362349224129334,0.0256831111976768,-0.670090836407545,-0.482971560106897,0.723360007058814,0.909506757366093,0.0468505830783004,-0.682571020294239,-0.329323046729638,-1.95527751849722
"246",-0.663706900455586,0.539759151301537,-0.564774169994214,0.779631213044409,-0.18294085989743,-0.423022620498207,0.163265300336617,-0.553609348950717,-0.657788976954998,-2.92412120301004
"247",0.805360114326269,-0.365834012235399,-0.711563584037364,-0.0426626746658941,-0.561613162670396,-0.00994459661856569,-1.01139095638826,0.417851106152258,-0.329145205718503,0.00905251905160233
"248",-0.70374829300228,-0.798944155822854,-0.533900017565339,0.954973118725,0.684524031282359,0.376039820045189,0.218327800052877,0.700786692429918,-0.550366976646862,-1.15581997748799
"249",0.221576432772583,0.355190523386706,-0.800933729173849,-0.21561778130109,0.715588398761833,0.836249165600753,0.682492310787982,0.565709471702423,0.345786366735356,-0.558371621972265
"250",0.983492966677557,-0.383237100093414,-0.841692739845442,-0.71866540716788,-0.0911490268094146,-0.50375008283909,0.00975286303030852,-0.30806727274366,0.772938039515499,0.620105769035416
"251",0.716675188164718,-0.332756812764452,-0.657810883274565,0.441273853041792,-0.607759284998953,-0.103065339436371,-0.157161734575936,0.815761494712846,-0.0563067575240688,-0.169472940690109
"252",0.00594755708986907,-0.410390783867535,0.666253877977414,-0.80165632523197,0.400656883953725,-0.651382568248443,0.0998084239055661,0.978453698650066,-0.0859424078135807,2.82679055142452
"253",-0.534166045344914,0.245305429810802,0.0840233090029711,-0.836197593425877,0.545915061144936,0.727234482035016,-0.788485421405446,0.438277578751952,0.0567258054911433,-0.862828519136681
"254",0.289646723087415,0.538448622566743,-0.912297106254165,-0.503650621297272,0.789678112388068,0.813243385179337,0.766033791106425,0.726797253802597,-0.5814882774541,-3.12147861934963
"255",-0.0778490730500908,-0.666853909899639,-0.239320265588139,0.825940419837813,-0.23847413065282,-0.0988947250366716,0.663128101847017,-0.867767042367661,0.236597221780241,-0.292335161274994
"256",-0.099067622014992,-0.985991915851135,-0.646880450915197,-0.112736230538394,0.26601273437604,-0.0760164751869273,0.133625972928328,-0.167370254723063,0.00644696965971074,-0.972564392142455
"257",-1.00227565193746,-0.129427379656685,0.391311845570095,0.321984933665631,-0.0665589420105832,0.542910699635471,0.591415706339508,0.223026786941428,0.239947389641286,-0.983366932725322
"258",0.6294121367156,-0.209676909465328,0.767714257898697,0.0912113584643553,-0.709956449303719,0.297933917389956,0.14453264058195,-0.588046994290598,-0.748816663061868,1.46545424174849
"259",0.787220968005558,0.75616633440903,0.762570522157952,-0.331549465258663,0.786420763890392,0.0694330441531952,0.0814296253103659,0.576396855050519,-0.705032375076504,1.99459143032101
"260",-0.000401307171021265,0.937665012740225,0.434709293277786,-0.712886042099764,0.842110112143686,-0.752307783727763,0.427890806935192,-0.752585765555037,0.52857883842507,-0.119229453111033
"261",-0.544611413231023,0.663600052191378,0.577493256568313,-0.680992669469704,0.760530968896263,0.553881763901584,0.940366615256877,-0.914441961314203,0.61852168974029,-1.66995223649558
"262",0.348040650860582,-0.218210187681294,0.59466569815459,0.300543887636234,0.78302856391538,-0.21921171264425,0.0591108844813896,1.04071731171619,-0.881853697254173,0.870807672643548
"263",0.184006258253501,0.625711076574544,0.622667781799864,-0.342288400293725,-0.0415637740047624,0.0417464180908848,-0.557907317010822,0.0976292286712173,-0.458975676805068,-0.270019385900737
"264",-0.355809399023199,-0.947385184792465,-0.016624742751669,0.0656859234231561,0.00674889280858245,-0.427716927253751,-0.0261562036968834,0.0516197615773597,0.441773269828781,1.30736759695543
"265",0.51253672252215,-0.548483733836977,-0.895918952806878,-0.449501593632769,-0.311040171127682,-0.928112969917958,0.362530239071665,-0.869412808140513,-0.234883959498175,-0.215940709371203
"266",0.776601633984184,-0.0900096729111304,0.0921493813600433,-0.0792798265788339,-0.415049584120211,-0.0313785331136126,-0.104628429028255,-0.896018632717026,0.352204311675325,0.6903094018958
"267",0.0462260521824175,-0.196722594265903,-0.439384867226216,0.47998017043387,-0.0720462450066293,-0.875819288653593,-0.769592388898218,-0.187038801247218,0.0374572601541239,-0.8422647534536
"268",-0.90902821186991,0.123802911306239,0.919339701670868,0.26178720386751,-0.33027617169617,0.28109720284721,-0.0952286108747308,0.0655247757165148,0.0308973845914383,1.86741589659963
"269",-0.179998684548053,0.57460447864323,0.542979134507274,-0.276669043240961,0.852564026311097,0.428608511291661,-0.178684090075154,-0.619089156864766,-0.881266701413496,-0.0577121081234264
"270",-0.526151352419113,-0.540143341149071,0.650799150527974,-0.949461543651315,-0.100875834660452,0.919324343725863,0.241456911326997,0.384638643961513,0.208832932849185,4.45609616700634
"271",0.0316040830476441,-0.604708613176068,-0.781570782819826,0.179469691811644,0.121606462987553,0.850841276623595,-0.024070917528014,-0.563824834445165,0.792359803568689,0.156653811896905
"272",-0.073273417654835,-0.338400136629985,0.407994658112775,0.261426887262242,-0.263402422491113,-0.943245497468827,0.636761844571658,-0.654661792827777,-0.468167536562911,-1.31728967885933
"273",-0.66216060842272,0.680629041375889,0.891429757649336,0.829622520264202,-0.249810898366499,0.875278768415576,0.710215822899338,1.02907875597584,-0.454861204682868,-1.2361430507851
"274",-0.978822448286971,-0.811390693284374,0.463013052627463,-0.884982113328397,-0.307026342169053,-0.0630521564119668,-0.360330901836322,0.12293496465079,-0.0941605004509243,2.0414727486248
"275",-0.183356772608457,-0.724463622517856,0.00453456334380688,-0.865245858882244,0.61537681116255,0.152559716293574,-0.815535886776156,-0.239496015065525,0.946969962145158,1.93571343896368
"276",-0.412255115918517,0.094013086425317,-0.672736349174652,0.0540962480603044,-0.67599796563605,0.327460074452724,-0.503077565283247,0.350645607390188,0.784339569889315,-2.77624028919824
"277",0.00948216122527069,0.0260892379591161,0.303184082327343,0.0357921372600779,0.850903681977452,-0.126490046416203,0.257906738797686,-0.135470405705904,0.723894177954616,0.127519443644269
"278",0.829795746194658,-0.956950757066228,-0.0354819064309745,0.781986620037063,0.709874716717616,0.360898091929706,0.125156862878908,-0.0821874448017385,-0.291693191520515,3.19243728354342
"279",-0.40096911175883,0.0467959649072747,0.0435310185858702,-0.596356886181745,-0.754035179917916,0.498663559951942,-0.536106759143336,0.478759134827407,0.170070594032939,-0.816504723865902
"280",-0.985189814656979,-0.00491904745954721,-0.630023691566781,0.71471120041461,0.752006456996809,-0.0624203380210656,0.211665632040856,-0.912726715624338,0.119515049090594,-1.73403046476102
"281",0.49334538843982,0.690741944524548,-0.310361659766785,0.778500243914501,0.968209566784849,0.0719327360328261,-0.13006231008312,-0.568666412602883,-0.241766431153823,-0.367846597823425
"282",-0.802225577547754,0.676415835058939,0.133845902123489,-0.783236972872748,-0.384716204071727,-0.656795953786882,0.428979283408401,0.991571763425751,-0.397777880068602,-1.54841528250734
"283",0.934843643852277,-0.438880158920173,0.410101295588713,-0.958564473586652,-0.049945102368848,0.799719640446969,-0.369822188683738,0.271215961585488,0.985760244038455,4.159720642454
"284",0.4871338729637,0.466745446301794,0.0366560810252871,-0.206255617048012,0.423686641333755,-0.454065856821636,-0.0343080876815073,0.752082404793759,-0.563144548262956,1.06349076903516
"285",0.075021621050795,0.219709912077332,0.586767476209863,-0.752657587534508,-0.486710321024409,-0.289402531159299,0.812782960372925,-0.148118464572374,-0.756418245726656,1.50309815967243
"286",0.317305965790002,0.063251240965469,-0.0326826293340321,0.512953315045922,-0.25800216884722,0.833072755173099,-0.483773285394921,-0.427214326574622,-0.357146685283051,-0.746636285063689
"287",-0.34470863318226,0.617985374889071,-0.475934039705531,0.550990358033954,-0.911328942472853,-0.625098883325258,0.45511575421813,-0.905547000679698,0.812678359815716,-1.78410863381151
"288",-0.520958108092551,-0.171486836707666,-0.80232824957027,0.517703145347244,-0.0134096249107426,-0.0280234184325604,0.193002227413941,-0.277518788865846,-0.928367536722495,-2.14950979402245
"289",-0.633949584902769,-0.469196633051857,0.369696108348052,0.100060417492166,-0.236343392671919,0.948218423117978,0.0877584886751914,0.197947117148239,0.639497161744186,-0.104261036163132
"290",-0.211165150000223,-0.38895839481911,-0.641317985464669,-0.620888639812385,-0.465150615638532,0.107999244412779,0.835435532648177,-0.221337528664448,-0.575618994420163,-0.532268560369882
"291",0.357599817133217,0.807457223401841,-0.625637435007511,-0.948285479244298,0.65338683007767,0.845930212064001,0.513420665442222,-0.346765742351445,-0.467669870364243,-0.295236468817688
"292",0.142500932325179,0.297193920642647,0.899319485731277,-0.885169211501078,0.353287463937421,0.872738163131754,-0.965274115256336,0.626284879678553,-0.273222351250692,1.24470475505866
"293",-0.291054061219137,-0.230521143954256,-0.838443559972862,-0.191775881636649,-0.639220577230677,0.0301325489430359,0.00309454463457102,1.01474994286847,-0.838122532546688,1.39594928034136
"294",-0.594330148315225,0.64319768587982,0.1164769476008,0.146028654757255,0.552629757327275,-0.0233185357395408,0.702332145364268,0.312640699746572,-0.323173991435687,-0.815837484812199
"295",0.938145267095554,0.142142303776711,0.252975644041306,-0.594421085675321,0.0268445915787104,-0.674943705946431,-0.0118290273098727,0.111309015778566,0.124343338466192,0.487985357729578
"296",0.518707197992327,-0.461916403797616,0.888124654116924,0.756502581391521,0.197441606627363,0.907013348881117,0.00952457572285896,-0.318117937728919,0.380559275981146,2.28726988058719
"297",0.394976789240295,-0.944812614599667,0.914480795917954,-0.903725195897429,0.560920923804212,-0.766545318358946,-0.765021574724034,0.060268029950656,-0.888817276306015,1.40541886648649
"298",0.242313868731061,-0.559627919276319,0.0916189010686448,-0.089717197783954,0.227237668667242,-0.815518483151878,-0.366236708749335,0.601060509626505,0.534502926548085,0.667139948002938
"299",0.465696450682846,-0.950777035880827,0.0284325719380931,0.680455379683468,0.277049607523135,-0.833968024143809,-0.60287337464492,0.808277097304095,-0.300261480099547,1.38637553265815
"300",-0.0193590570424123,-0.777392633460488,-0.136145522265543,0.960198370860567,-0.80911146718239,0.746125498525172,0.85584534986562,-0.551769529276439,-0.40691111267964,1.00849060771383
"301",0.129649766069723,0.842785730520457,0.659371950964765,-0.778332893032452,0.122978372215105,-0.517797890505307,0.294976762748833,0.401822777433467,-0.703706957606608,0.966021445549234
"302",0.264554249560005,-0.771904225067916,0.533992691006747,0.322207322139618,0.292459329552262,0.45964721180521,0.606649433463774,-0.864155477587159,0.596980646012042,1.65112943073892
"303",-0.375451613994913,0.414995384205691,0.656362860497582,-0.930242379870077,0.415448049584504,-0.274574924300584,0.827490969092879,-0.404870994317411,0.4026522434794,0.527775144015726
"304",0.619097909414652,-0.934778349215709,0.532486064818107,-0.479782708149806,0.162690309271433,0.1762237254032,-0.730600323668026,0.972898337998379,0.336015474670167,2.95255526555816
"305",-0.805957895310192,-0.241965882233413,0.666258275691519,0.625039504177181,0.9432880350064,0.877558120996473,-0.440252445560424,-0.147381682929478,0.294024621305275,-1.26802024872119
"306",-0.953806125769072,0.780712068715516,-0.519966082471175,-0.923166741330601,-0.106933134631732,0.266196639143884,-0.242085615495283,0.496594796265439,-0.238313219260631,-0.720393921284606
"307",0.386524235298822,-0.435441320160555,-0.561204870830913,0.825533604087309,0.0520323749504689,0.979091919754132,0.86908569918076,0.134438871136096,-0.619301420540889,-0.28643187979591
"308",0.442092655809514,0.656221215210736,0.479964919130237,-0.614884354793215,0.804421375431714,-0.718726883479762,-0.500024268337693,0.659789286269845,0.210932758460155,0.203126868602455
"309",0.563819068013467,-0.376597590476308,-0.553702780224706,0.819785562483057,-0.103029370596864,-0.841732717844966,-0.156804297068144,-0.928808870803024,0.136019990163576,-0.946387713084075
"310",-0.620986783313569,0.325083826385026,0.0224164276405209,-0.435513623979125,-0.236053091410454,-0.647996371986427,0.400680226173252,0.139061455801363,0.751024083391946,0.0599899183463918
"311",-0.11946873471106,0.766475659346491,0.882861153581306,-0.965941033504977,-0.128316396064654,-0.25238354324349,-0.83752997503876,0.0643603309050429,0.49446655239096,-0.0343017696772548
"312",-0.515089258403238,-0.748838930760508,0.893428517106648,0.890148085571947,0.0193205435163204,0.16578904715992,0.22489322932906,-0.344237064829704,0.931692605358506,0.90295675426364
"313",0.563104462051759,-0.0787406853723622,0.869004011344496,-0.447454023206331,0.826099982037487,-0.526953181639204,-0.159715859775718,0.78520375709915,-0.279966922437945,2.38258356743283
"314",0.486949639926964,-0.566438409467461,0.0878854565983024,-0.233955891064307,-0.185815546275195,0.524626677622264,0.849644214105187,-0.466541550971625,-0.795251517924837,1.35020977931075
"315",0.457595670251754,0.596886480204152,0.433497496945775,-0.591365639469515,0.214627563085362,0.0196482801938775,-0.17704761885558,0.0484897989263531,-0.517539649745832,0.92134507822698
"316",-0.850700095646725,-0.254437775633343,0.270097172060646,-0.264854758840647,-0.754385472643196,-0.156176105625698,-0.852976376067618,0.25423481288896,0.630160478080216,0.110017944735562
"317",-0.0904723566543637,0.894427725105571,-0.758090286678923,0.108288317567498,0.739507047921854,-0.698330115691681,-0.761400767365286,-0.585838973865986,0.372884730451654,-1.96448863175027
"318",-0.974581442786741,0.641088227718165,0.168215176958767,0.425773187655806,-0.0119893313988886,0.821572563324872,0.262867206675966,0.237271323411903,-0.388124363711792,-1.22681560065412
"319",-0.845521064580572,-0.589664888990048,-0.684771016140416,0.190309153183723,-0.66944188058607,0.320923957344223,-0.737017550804181,0.435560149773982,-0.293240376534206,-2.38682191942566
"320",-0.400297567324378,0.979299651414116,-0.102372361240258,0.215560133819093,-0.932828136960975,-0.576639398835948,-0.760254436674068,0.269614479992539,-0.843490340404477,-3.64734850085084
"321",-0.451781624680184,0.255260688298257,0.0866305635378296,0.207214294141452,-0.656664984007523,-0.975979563288194,0.681644657037265,-0.531818799186179,0.574408488267182,-0.52401456959318
"322",-0.0844079410645253,0.877860337366385,-0.60701500837689,0.0486477510124042,-0.545995326104103,-0.898667882587051,0.474843025525852,0.301063847844199,-0.921496697201467,-2.33632385681615
"323",-0.212589720321064,0.289690962716194,-0.0672668347009516,0.497438547377215,-0.495453728366979,0.738159252270205,-0.768099829389906,0.743893453977364,-0.243007481741451,-1.47612364147636
"324",-0.977641301801978,-0.160785700771169,-0.514499972841367,-0.112772596952454,-0.646767331984355,0.494243862081945,-0.780594297806534,0.946717201715015,-0.848960966644966,-0.374193088650183
"325",0.918105232961892,-0.577226290396676,-0.232234306156312,0.79780718835352,-0.161441777057989,-0.186788372403999,0.869567693933097,0.408341148090263,0.625666584210264,-0.0386348817144599
"326",-0.621912222589553,0.0596633554585167,-0.681959364004885,-0.966922705045708,-0.668635806316893,0.383531742338097,0.844620823343205,0.138470278302958,-0.666354542157372,-0.195263682799661
"327",0.216770020336396,-0.708417780930338,0.997401599961762,-0.0197538752157439,-0.370632889295967,0.460705372557868,0.536514531311565,0.475923022719371,0.140797984194811,1.68847638866401
"328",-0.226389910369374,-0.783404503032656,-0.00228732839028649,-0.570481422879377,0.636708864524377,0.395450972143543,0.113710810711318,0.0185978312235582,0.110374486680408,0.134376111770667
"329",0.113809713996393,-0.00276794561364837,0.453601613248197,-0.439413563761223,-0.973679565102248,0.030994476788403,0.0950272566374048,0.421842139625467,-0.38070770373218,1.77745523782386
"330",0.517817793652965,-0.663433785689549,0.331037613424272,-0.0163047378062238,0.100277290500065,-0.919694761777423,-0.800501333676249,0.0400598461802771,-0.287246475492179,1.05365559979779
"331",0.0295468511341376,-0.113275125464752,0.223355386759428,-0.62920761360016,0.176183688718491,-0.0742752796847769,-0.65711257861613,-0.23377111107212,0.385877241489718,-0.642055791191632
"332",0.712607467565556,0.861046300283416,0.0532428072310161,0.181302239052534,-0.0202917529073001,-0.383416928566134,0.54816099164651,-0.179626527826243,1.00749391174906,-0.509693169339132
"333",0.968562277190608,-0.614830926743569,0.198558705255867,0.196997642263012,0.79794256262141,-0.582030353917457,0.0443674853148473,0.251467556194656,-0.938316782000894,3.08503169897814
"334",0.928076479121837,0.531184584714506,0.520193406743171,0.176350552983688,0.155515912227686,0.773490465832455,0.523152013660247,0.498290822075053,-0.718104267988311,0.655035468086337
"335",-0.583276027668727,0.782384154391755,0.362846690879262,-0.612479711162895,0.0970622284499675,0.616255442681037,-0.992807874232037,0.934818296244636,-0.307044268357975,-2.75809929639245
"336",-0.500235192391227,0.456386179702024,0.427780090836474,0.174298979303975,-0.470939320397382,-0.841194579438542,0.885425568734657,0.45312220052856,0.603643223555526,-1.08663406845448
"337",0.0431280496644577,-0.364028306919282,0.210287812255029,0.527509844270969,-0.0682103068156882,-0.132868460353148,0.62290338130921,-0.701322320344742,0.900810391103331,0.256826480993054
"338",0.960890594445566,-0.196261130689778,0.90158612855563,0.168240425442446,-0.13037266209885,-0.659139237023088,-0.640459206280756,0.696341197588656,0.121822235010373,2.38581264752875
"339",-0.493646848729857,0.283020924014173,-0.275274235804215,0.601209571107507,0.75730169656561,0.518732566637936,0.300595595706935,0.770549605485851,-0.396853066982085,-1.52860013504888
"340",0.125479456332505,0.213617236191156,-0.279626129401143,0.554270841806145,0.524926467123727,0.777530290981641,0.123025713079412,-0.0505872365485377,0.206884838464925,-0.975265776190985
"341",0.704765467755836,-0.141923986027233,0.978547440810783,-0.0921088562332807,-0.379355545345145,0.00788813043159698,0.0628673911269979,0.323724800767003,0.0838410909017385,2.27403418209435
"342",0.419320080548411,0.600185454243837,0.641137612667936,-0.297861818908996,0.132397907923889,-0.246651212413006,0.0791945382090782,0.505917956592202,-0.0866621297936396,-0.229878013355374
"343",-0.298535318401866,-0.0503161384242602,-0.149559849155845,0.724129419472383,-0.237144484141278,0.556506030657436,0.0532383641013142,-0.0849777505970616,0.0113580809011397,0.240840564888036
"344",-0.201340605556552,0.348855909627993,1.02137714080145,-0.337215033976738,0.708231077123798,-0.409984399101552,-0.593536101163767,-0.531984983871432,0.487465970927948,1.76953099080607
"345",-0.558269856590864,0.408440023785245,-0.215673557913154,-0.601755923475241,0.0837349630474119,-0.513663486515874,0.510513753978976,-0.110865275598141,-0.0382545805884398,-0.968410406066819
"346",-0.762389706479593,0.252442618218997,0.289509122851851,0.477986860565807,-0.587062685139484,-0.508014810025136,0.499707685824499,-0.61483260097233,0.860269774043356,-1.84892006470301
"347",-0.348388835876097,0.564845838860706,0.51945447558059,0.343535634435903,0.667367309643306,-0.992434048741382,0.0982820192235947,0.144490169031186,0.964562084873372,0.712168588409649
"348",0.385387863541528,-0.715810521013455,-0.542321396041844,0.949402061629777,0.226229138046434,-0.356878096173237,-0.853890799179039,-0.59035707654611,-0.642198466290634,1.50281122459474
"349",-0.795017281272621,0.451168269883729,-0.829495781056201,0.269435767525288,-0.271471340891326,-0.643164061688666,-0.977242568671977,0.511391579097135,0.767871400961496,-2.97993475334168
"350",-0.763029681508687,-0.879178187908615,0.704573686112377,-0.0278928520648849,-0.38776002977855,0.740792465246418,-0.676036250929613,-0.226949852590696,0.923850083407473,1.80364788490898
"351",0.823630901947067,0.00127894752727034,-0.893341221812116,0.532241983907425,-0.968580054377767,-0.439437203796617,0.328666741780728,0.449938127176514,1.04012187509618,0.582436943331339
"352",0.47858237810152,0.382350416631081,0.26289096687892,-0.22969139733797,0.910738366691578,0.753450063644588,-0.613683273067373,1.03038542608622,-0.41643344706065,2.5372998751369
"353",0.469802670004488,-0.589778597271185,0.295414651254886,0.197847875297941,-0.922358846956928,0.890389026346222,-0.317346348199905,0.240708929758573,-0.0347225237453002,3.18628750583949
"354",-0.337726843903599,-0.862171119530919,0.470895555003281,0.394452251203936,-0.931720791702439,-0.670195256255241,0.108725684066605,-0.357518982481182,-0.0364021458376349,0.16043721866383
"355",0.265995241136001,0.0985684364418367,0.94233477839825,0.740409254506841,-0.169028445005458,-0.202850607783678,0.348092287568362,1.03166642749317,0.193598097916429,0.911769734676696
"356",0.870280192378063,-0.344020174511984,-0.200572788697235,0.393784505847574,-0.505430241836988,-0.271371631292055,0.010641624569553,-0.163989884920349,-0.146330545519823,1.40038238199202
"357",-0.186245812137463,0.296872639338048,-0.0420622128329324,0.745317098138804,0.560724064857695,0.8330386453199,0.640530738732,-0.00545737250531587,-0.0178733104863031,0.359456976045516
"358",0.66482117455547,0.40707798793891,-0.663736044116753,-0.208525413423208,0.12511483255631,0.000479019273944474,0.0917383480490932,0.693435791545741,-0.518701226531011,0.0611152921261678
"359",0.0136923654711517,-0.312299857770151,-0.479507178915643,0.474058525748524,-0.702374740171256,0.704942331901734,0.350966884780841,-0.501622581838953,0.255443932454975,-1.13378894101065
"360",0.389699188379407,-0.336144980827084,0.46308654003719,0.183319834549451,-0.816655411298889,0.44139145079438,-0.187699800945376,-0.869133705726007,-0.521670680263974,2.09700800363707
"361",0.929434108463522,0.00889757087458373,0.85811888038136,0.458244843254341,0.959330476738402,-0.265805408206328,-0.625993496314976,0.446660861370034,-0.901886818637993,2.68964315128979
"362",-0.956309173462608,-0.270923070797496,0.275243818718691,-0.100469197266031,-0.841245068475917,0.838660448119934,0.783046165120636,-0.560311272707269,0.751848371380024,-0.529115819509522
"363",-0.968563042324089,-0.0948486569390837,-0.421681968378136,-0.519804457971636,0.365509980153297,0.828261936228779,-0.882287616824472,-0.6073525422939,0.628543332419078,-2.7142242882612
"364",0.468722645560036,0.949711633841367,0.599058212332056,-0.233891437083088,-0.819474704396543,0.535866365054584,0.374317268624219,-0.0352488996448388,-0.715895181009525,1.25122358705063
"365",0.345049870857854,-0.993741899708131,-0.318605284029536,-0.489420126718533,0.163285085075888,-0.679635453439782,0.163935343203311,-0.768946385190687,0.459692308547397,0.727197842778282
"366",0.985601368838236,-0.448819239459824,0.562874731496378,-0.418127873290188,-0.57683767984131,-0.177732417824364,0.0732249498346361,-0.30959881612845,0.0844690469783387,3.67069117923686
"367",0.74368362496184,-0.100379228188611,-0.309934714056787,-0.328960747152876,-0.0364073314595811,0.278006541867696,0.858453284003461,0.510646958954592,0.287333540016101,-0.232318412472438
"368",0.303978017665389,-0.283198781404514,-0.946750319381294,-0.757818107803205,0.58378753460944,-0.457018188388444,-0.474750390051602,-0.46179367066775,0.0952898229209137,-0.252312686982725
"369",0.0922630562556601,0.0328859376695592,0.687924556095115,0.782037760302274,-0.220210889501687,-0.325447399501406,-0.135652368525843,-0.235903059077128,-0.281451693760906,-1.03638412872804
"370",-0.586324946314942,0.42643156679985,0.130909961246631,0.304488097400168,0.283066162139962,0.758872030332599,-0.195463856891159,0.303392955637709,-0.454841381922229,-0.550686196398968
"371",-0.792187784476459,0.0418807974193895,0.214693339857551,-0.506123525397177,0.620233233691262,-0.396886467202958,0.463776345326227,0.388262974306929,0.602356395699013,-0.621306669737016
"372",-0.230137577302798,0.222643464468826,-0.122738735126878,-0.658800048220364,-0.601251533475008,0.700821774497736,-0.0816444407422409,0.253968204982931,-0.747170493897526,-0.0788044942757021
"373",0.341941544557002,0.567214609752938,-0.914182965077462,-0.22239357248668,-0.00927988530703081,-0.0504237635663225,-0.391720708047777,-0.0451843218814592,0.132889815989041,-0.920019482334347
"374",-0.102857079529203,0.229848869322842,0.0272780363764257,0.285823480598587,-0.567653632348745,0.967218274451417,-0.091186804180342,-0.912409939887074,-0.695375496149446,0.780216636252357
"375",-0.280812927728719,0.726155893361231,-0.952337796061057,-0.586572409788396,-0.490963052076316,0.695399901917216,0.936518030428131,-0.747957749928543,0.267063500671587,-2.0388851720328
"376",0.449526177246843,0.326615095379174,-0.510035120823986,0.915978196511048,0.96930174957534,-0.277735174700217,-0.827034513588418,-0.591006275933973,0.534246480044065,-0.819263237995179
"377",-0.281446051511012,0.697793290025469,-0.380038001124877,0.253508644005951,0.481921545031489,-0.979842422143229,0.0955748969600781,0.929294407483093,-0.285731298378833,-3.2794751761152
"378",-0.876848305127528,-0.536430161281866,0.407288025463852,-0.528850428389924,0.458064669490843,0.0622297792148238,-0.722870365968707,0.292635311743894,-0.590110903407919,0.61440363140948
"379",0.547383800604524,-0.591211760031533,0.120987872102846,0.413399940541239,-0.125733628263288,0.478469252543109,-0.807837982549847,-0.0126407987596491,0.0878054560380839,0.704320794431294
"380",0.0140057814586025,0.00535900587266537,-0.329510442669112,0.157811624924682,-0.843500085703352,0.847366677521629,0.259772119601665,-0.74876169268931,0.603715811353048,-1.22187076871017
"381",0.931658086302725,0.633284190872495,-0.569345144064792,-0.289404828824835,-0.388667281835213,0.204712896782523,0.287427742992988,-0.238737087264711,0.532674073136554,-0.780345366134716
"382",-0.149241555721942,0.01781778075195,-0.737165859105194,-0.0478134795723016,-0.72579731965907,0.487282942858432,-0.090316795897007,-0.87426363921786,-0.240697871441607,-1.14959052875676
"383",0.0264025173703862,-0.15969004365458,0.629113090612853,0.801948898164886,0.536059520119711,0.880004027609853,0.3598084138764,-0.502518873361007,-0.541018156135078,0.793088280193963
"384",-0.135481466268705,-0.175500018401726,0.762923911674009,-0.522342592478274,-0.109679518869038,0.836163311022937,-0.269644260714866,-0.302680982751579,1.03486656756453,1.35706791552804
"385",0.220217149880333,0.657333688510848,0.603450070867373,0.784260326211533,-0.542113628906564,-0.407440715908954,0.484461129742928,-0.83598561666584,0.140741094330017,0.630587943060271
"386",-0.302686367123632,0.354970503011366,0.263121068424648,-0.277334147720492,-1.00911820182733,-0.921492764708507,0.0747159376785256,0.179948383807619,0.526558047916218,-0.767703803112726
"387",-0.804657890951497,-0.441680280224924,0.231718377798196,-0.969800132685806,0.532682661132766,-0.472339054624912,-0.617098936863229,-0.919425525535243,0.941437332446608,0.720929488859687
"388",-0.6689430000298,0.571572203293164,0.669486440793857,-0.0171054527200929,-0.294545785185009,0.729740452532969,0.0850107253928271,-0.137290053419937,0.643407981026129,-0.303597480899393
"389",-0.583758898531141,0.696540161883111,-0.307440327468322,-0.821548953832295,-0.481800425984266,-0.893218559367675,-0.749796514182209,-0.296636500866544,-0.676690749969356,-2.16901762123373
"390",0.285088845173313,-0.474637401722799,0.404159849085559,-0.118017612335609,0.0408790269687946,0.48054876657894,0.171570126508039,0.374030738314137,-0.277132036057721,0.89428958664351
"391",0.2811195672065,0.609215399946811,-0.641384795907486,-0.751321523794049,-0.0845371280284624,-0.00272124697586824,0.79274087203119,-0.086507068384531,-0.369123360065799,-1.55492478948944
"392",0.0117013639566409,0.0766963198764128,-0.929157851101376,0.403954476018017,0.41077047058244,0.0903647017680649,0.00456613992901998,-0.699179047635983,0.170537547278229,-2.85612809247046
"393",-0.279129197078893,0.682508551047675,-0.598453173096718,-1.00106106712433,-0.861824809103977,-0.323646197472478,-0.797148344588735,-0.198897293996986,0.465658321976383,0.151553879260812
"394",0.203636827677755,-0.627033610574139,-0.0788155353546698,0.152529130184051,-0.152335385191979,-0.409155788542175,-0.625631415540004,1.01320183595747,0.547504866892812,0.383783034186513
"395",-0.670251477048773,0.119273671187029,-0.130018253201181,-0.327884076802827,-0.988634900816666,-0.557805961225408,-0.615065973186905,-0.650178026565532,-0.448529203444246,-0.743168407961898
"396",0.755396068604893,-0.272225825353077,0.216431720795596,-0.610173077036133,0.449803639791091,-0.610731938658953,-0.595285983294982,0.590824777989492,-0.872523772244956,1.21891819300082
"397",0.750286302987102,0.704885273574887,-0.744729347630859,-0.499944502405491,-0.420965636184726,0.561440709139824,0.169530111892867,-0.919270430976343,0.38473389411186,0.824013930002331
"398",-0.560071703836646,-0.478199501792597,0.56239331103653,0.527326290097008,0.456866756841629,-0.490967471178007,-0.731643080635308,-0.171116475065938,-0.467577337567323,0.955838578666416
"399",0.0424566049218104,0.673693274646876,0.354979232181962,-0.356943161049896,-1.00797398842756,-0.359791819996451,-0.472277645251611,0.976012555479876,-0.789961507305755,0.444842937437153
"400",0.838784870113084,0.951905732913925,0.0412052713389665,0.978943691795511,-0.165359799770126,0.746606586787205,-0.675511217509881,0.430339104508823,-0.291073603678127,-1.28387682936151
"401",0.206736033323057,-0.844330630755705,-0.480536455904591,0.739812714721285,0.412285163671548,-0.286121803090407,0.857453272613303,0.313728795709097,0.659329569629682,1.17769570413413
"402",-0.806739551400564,0.572968521629651,-0.741763782197972,-0.991036515379073,0.108678075902465,-0.739063693248488,-0.309533248722498,-0.184387800146968,0.136409065143876,-2.21784969790405
"403",0.941754715241781,0.595145747841813,0.901037312703903,-0.470919129036347,-0.00139274186819536,0.627305248246902,0.684040427459092,-0.917726425674217,0.51210659810476,0.211149798753652
"404",-0.448738908352557,0.943592686474902,-0.0480538013106163,-0.194847704959793,-0.299612394468323,-0.224195908029527,-0.867163458908457,0.705894715737844,-0.3573982467149,0.202691144346195
"405",0.426857195881576,0.92012362921213,0.165154782173339,0.877899584577435,0.261077143312533,0.781874009190615,-0.181583630943613,-0.386277211323248,-0.73163683452351,-0.524976827256067
"406",-0.238283017162168,-0.447586613722935,0.566719359261726,-0.254853365551742,-0.13792529496476,-0.669407349712771,-0.397986640301934,1.03910689941301,0.691699925938684,1.33164727045081
"407",0.00724552946260586,-0.973424796734713,0.173387664738352,0.889528451575444,0.669653757394083,0.193641609957443,0.0485587319446429,-0.0402229883297727,0.162068872937236,0.342948826475919
"408",-0.196495883395913,0.252659919288113,-0.586435995060083,-0.729740510875172,0.110063178985939,-0.445432169417904,0.412548490012762,-0.201302059672758,-0.401829024481913,-0.906313954321252
"409",-0.463064415578107,0.388133005723873,-0.613311167535712,0.753772740108422,0.165441194026959,0.253461131740102,0.119867322438873,0.470043491327225,-0.701496090544972,-2.17192025057321
"410",0.182908034320989,-0.341731803957238,-0.0745697808314426,0.442196286960115,0.578415768844851,0.951221769509278,-0.34936006951824,-0.438534713425506,-0.687466031235561,1.87675850281174
"411",-0.481330176210194,0.0605110035883554,-0.380710925040037,0.662116072913383,0.906607887081684,0.883657489375986,-0.083545463807558,0.0314218592439401,-0.115652732436159,-1.70654685430828
"412",-0.220678402336309,-0.695454501483884,-0.0751111979127117,0.337389406769425,-0.722315399695515,-0.890757622926419,0.924643367759572,-0.7524770984856,0.0566281827948271,-1.49543815886445
"413",-0.614696485442917,-0.255848915342516,-0.34799704692873,0.427414793903893,0.88068262275632,-0.386069207932865,-0.361150378627492,0.0460527385814801,0.745216838834672,-0.997033568665373
"414",-0.0230282709715744,0.779408264207827,0.362639301890415,-0.708259098335915,-0.552682220580804,-0.188797603569961,0.813100743326024,0.449534078983736,0.635966926448595,1.26711925167079
"415",-0.0142514741816983,0.18727132334929,-0.196489690097991,0.468334030527415,0.729161984156172,-0.829777374597428,0.963716373529671,0.0485528560690794,-0.155491849006802,-0.319933714797312
"416",0.508548591209704,0.431227360638158,0.407057526349848,-0.734763348338362,-0.0903988419063145,-0.50300567228445,0.647207737297998,-0.459194376718421,0.428243142311108,0.054070819035789
"417",-0.139672566323167,-0.577338665622823,0.498933628935747,0.526780039074032,-0.909706771734774,-0.0619334953172604,0.0679954910091454,-0.736981957701101,0.288047967254138,0.73290916605951
"418",0.619279172627196,-0.733990899020214,0.538614290879669,-0.718178298694333,0.310638305638377,0.0427965641511407,0.0989473152303539,0.487971928443236,0.224439058454594,3.20311224420036
"419",-0.46899810472285,-0.792297280929235,-0.772338143953604,-0.53345237878749,-0.627487130956583,0.12054183517271,0.850642635142238,0.00998742517366943,-0.586865329117987,-0.94009621774263
"420",-0.201599726860071,0.554919483273128,0.30183157793745,0.215157116098666,0.64484345315831,0.153251605583082,-0.050719335904261,0.915873870520833,-0.40907845416082,-1.4469423370137
"421",0.236954769189789,0.118318709012366,-0.237772752181343,-0.592281203029341,0.452436560869426,-0.561496214443696,-0.176441941926268,-0.223058342495812,-0.144413933443365,0.37220946117302
"422",-0.0505063601652565,-0.278432073597381,-0.154543467800843,-0.466796935675674,-0.447563163701958,-0.838366378416851,-0.635609701478599,-0.363690662933788,0.0695643842500955,0.304984559504254
"423",0.251586716402292,0.139587850638554,-0.508991142130941,0.597255322989295,-0.695242103759822,0.9250390116812,0.599392239425407,-0.231412519242539,-0.563887804992378,-0.369034114402848
"424",-0.476925239543744,0.153171235546928,-0.607442418609583,-0.198287373309785,-0.488601388395187,-0.296087410061344,0.850213087895235,0.195083020405541,-0.89940348174899,-0.898949141519885
"425",0.369274042288314,0.711796849471767,0.195848522554891,-0.838415529267597,0.49304627341822,0.430958598161446,-0.251574250591184,-0.345486506084754,-0.567537646927213,0.703537042964531
"426",0.627318222085804,0.615900010624454,0.837800255514795,-0.948595413215621,-0.76451226219896,-0.415948066533071,-0.886270036240209,0.50785661692844,-0.71257566945213,2.39270350569415
"427",-0.512689233982296,-0.257645449552113,0.934570679297579,0.00574533312551332,0.385579721473552,0.0555626683554884,-0.545727737160376,0.214953251080889,-0.2460518052708,0.458263191004758
"428",-0.045867495152688,-0.641439464202236,-0.545862132035249,0.991629611190678,0.259343592675545,-1.00159818016562,-0.528168734445796,0.609831687852402,-0.892066203519545,-0.161889509313214
"429",0.111611334028986,-0.415396219789887,-0.487221368662169,-0.434233120875907,-0.487621673592592,0.772642634700529,0.802459960197123,-0.745767892156423,-0.510433162961081,-0.596153057963903
"430",0.11653476955928,-0.122984685586648,0.217690643500664,0.261837987834723,-1.01648838759654,-0.352881973792852,0.527057546067246,0.388285036439549,-0.942641281328223,-0.777280207931595
"431",-0.292217938449727,-0.347800911569911,-0.0893929833239402,0.0613111113181041,0.689420520273222,-0.785280640309174,0.643650626028668,-0.867260231420181,0.310367390076104,0.980218134223989
"432",-0.0190922148665009,-0.622741308267479,-0.155960884917621,0.840066761321016,0.681003735718212,-0.190839106593101,-0.595325801837875,-0.864428344488199,0.912564237636753,0.706236963837165
"433",-0.0492253227975783,0.395058713449782,-0.96586819955667,0.912373002659211,-0.498800465086003,0.557284405353171,0.207070461860727,0.620407080240225,-0.519132029507474,-2.50172489194859
"434",-0.973759381003778,0.993026819401117,-0.416702713982036,-0.108549296641778,0.221778317764097,-0.599567429494953,-0.578197992608167,0.429956652476258,-0.761197424932471,-3.96173539762249
"435",0.234308011013842,-0.193083832653248,0.785590645318079,0.45041750410263,-0.587356374569168,-0.788370105099358,0.69507559982163,0.165986764378857,0.907800948546304,1.00569609688462
"436",0.0420965845232532,0.980900268434781,0.947058196289536,-0.780593887397192,-0.429576272465457,0.415011652940418,0.211202545154846,0.102560783338353,-0.361253808194972,2.5237870770819
"437",0.513148326604965,-0.16648480149879,-0.581914342467201,-0.313135991046227,0.627122876811699,0.465903046065224,-0.438859565720971,0.500223863266544,-0.00246963812798105,-0.420258387596818
"438",0.953649706413992,-0.564185393646498,-0.259468409590496,0.828965099870262,-0.280404569214816,0.0340469436303231,-0.968617773390488,-0.556545189407933,-0.881571849544175,-0.105394491450517
"439",-1.00269719024899,-0.132152916739065,0.0786169997977811,0.904265080082377,0.288324272900092,-0.831226737520334,-0.105553233576744,0.907969693371893,0.232295766708816,0.0582389396014222
"440",-0.436129332630162,-0.812574646130539,-0.0641442466053867,0.044526226558563,-0.0553980024712996,-0.926222063882779,-0.559552939834983,-0.895883398864959,0.748677600561521,3.81727846999552
"441",0.289149155468987,0.853382921468876,-0.192325748262872,0.739359028011908,-0.0662828941904744,-0.920490043922516,0.389646573469322,-0.255021714590792,0.547581185614935,-1.69611068158856
"442",0.324774264692532,-0.746824449142459,0.0777268655922591,0.475754275022589,0.166027860233084,0.678833080435286,-0.267124964471595,-0.392173830809826,-0.146769953991957,1.61599176959746
"443",0.144711920428777,0.967436335869472,0.544595424905698,0.390379413197416,0.587357674646468,0.133031701365027,0.681514027115098,0.946016753033016,0.630496527012606,1.37067467945393
"444",0.877755203907154,0.143143853215152,0.000298424321005981,-0.542511583281988,-0.837426784815045,-0.299714316390642,-0.404832845198444,0.765247170738311,-0.721563952683717,0.0083299677185521
"445",-0.840437326965873,0.79421253229836,0.62910476852705,-0.667798036371895,-0.971670986177253,0.128455693982226,0.214472169080848,0.47200275679316,-0.041444484505675,0.294245068670698
"446",0.845112465735479,-0.167425411825137,-0.499074562081393,0.696998901360681,0.350235586834428,0.367770286871322,0.972027718485463,0.646460016703255,0.832240487107115,-1.58229345241039
"447",-0.447304392352973,-0.421496922872161,-0.407992125736508,0.987773231968297,-0.42298480981417,-0.67168535142049,-0.743664550000783,0.211696199095025,-0.858058718157741,-0.0664627788645478
"448",-0.0640156532473184,0.796595248837174,0.60412136190161,0.745287825847275,-0.663230122212521,-0.216437276045121,-0.832426013621253,0.469507983710693,0.450950694927494,-0.384442798168497
"449",0.0829386202073049,0.278737959622664,0.560661664655015,0.085143888976968,-0.972783249292871,0.632236475906226,-0.437038022565254,0.588337701256639,0.899670150005931,-0.219889780762005
"450",0.466297055059352,-0.721294707649805,-0.853918179704375,-0.840276243580761,0.278000501234763,-0.618084708988237,-0.304578482401209,-0.362677708625457,-0.779591339367222,0.512374533414796
"451",-0.934765967020941,-0.64220216530442,0.640101126832364,0.856568722449959,0.0510789202200807,-0.535269824437814,0.538308327098226,-0.279807745157965,-0.36180860613726,-1.11784353774559
"452",-0.310534154232,-0.429500582230407,-0.274683981657232,0.754074855603396,0.00747135519906758,0.691296928935691,0.535362923066363,-0.566107231284191,0.78001612027712,0.0571753785065513
"453",0.23793513502028,0.486971440744127,0.941692552233777,-0.196681109263107,0.280294162968881,-0.433196458253039,-0.0398533940494506,-0.910716012981991,0.375504154689083,2.20484597987744
"454",-0.132213766085798,-0.672963836966877,-0.783768885982712,0.74516074291732,-0.912589776441565,-0.0794677636546174,0.654392263625332,0.411285065534796,0.876416950197291,0.539332206086045
"455",-0.588761209150066,0.904307672475952,-0.602351413015063,0.599650978309735,-0.884616821754799,-0.248153481257638,0.15848702724775,0.0157967038105275,-0.446584287978434,-5.43806186395553
"456",0.322696220547799,-0.637208617184059,0.341603386646787,0.739241203151923,-0.178085465371305,0.217740271054275,0.846173347071127,-0.362124953812535,0.850681192756385,-0.4321816049298
"457",0.617397164502798,0.327304174407206,-0.185276016759502,0.919562639560026,0.257997957423673,0.658882352663074,-0.590501181681222,0.484718568845312,0.755049875832521,-0.840320122712584
"458",-0.699528705942356,-0.678944074283854,-0.819060210003648,-0.924945478290659,-0.278499324741543,-0.245162819545462,0.270868276791418,-0.923191913066373,-0.388530363092293,-1.0529191602502
"459",-0.165048169269157,0.671398210342987,-0.0960223670791149,-0.785786844884125,0.256630489707423,0.295175937520775,-0.207149332766548,-0.512821719689487,-0.904323385033105,-0.210505828950805
"460",0.492906620758997,-0.566559017338792,0.373386793402481,-0.510442474662392,0.177153618834897,-0.0709164918175772,0.166704593154885,0.0108684293950214,0.238773465192941,-0.474859555526006
"461",0.77482233185221,0.197732042096684,-0.342785387050623,0.179505817908464,-0.511495429453057,0.469469027412163,-0.269320491354224,0.193605942085973,0.389234205399006,-1.01605147457068
"462",-0.808783698618664,-0.661651329632464,-0.410950232500969,0.662542108904909,0.658974800702401,0.749974676776353,0.959189648258358,-0.763519439995502,-0.381120082104272,-1.33108619810527
"463",-0.616767298320255,-0.434590605518864,-0.290992922921039,-0.82054495889853,-0.688298994869121,0.17919272759689,-0.902478842037378,-0.655228801241095,-0.442833816640527,-0.787170955856555
"464",-0.501197714355966,-0.537081364805654,-0.313511921998019,-0.0270224769429478,0.627978108169739,-0.0154727426273876,0.349064879959956,-0.404784564776844,-0.675669501030455,0.0890381384806772
"465",-0.407011371577773,-0.269663398030295,0.857777876610614,0.777176975972612,-0.490910238281743,0.575364815490314,0.172885747948955,0.919959814963378,0.124149804350381,-0.0831475342773332
"466",0.596696184089565,0.601114836254309,-0.897104298172165,0.953360907377515,-0.750390070022475,0.271522251953177,-0.17824794960101,0.607100088174809,0.794386107500475,-1.66588929529884
"467",-0.146325713872036,-0.62328242181187,-0.778812671334265,-0.442266997915646,-0.138367388073643,-0.796530208505471,-0.296437919079525,0.822542259760492,-0.468089247016076,-0.0737784307088177
"468",-0.610070493371739,0.543396934865627,0.183198520847767,-0.268925803744835,-0.263984559146234,0.794337800028789,0.539937868499141,0.128842854502075,0.347462483462584,-2.36591468037993
"469",0.203444289224859,0.536689831339426,-0.205874929811071,-0.184665844425707,0.819762539115638,0.402438660123997,0.718234034825927,-0.740914945959945,0.502087357496456,-1.24553993171019
"470",0.195921214730491,-0.783909241028366,0.546846546516133,0.204067742145277,-0.812462986558525,0.287029992731457,-0.0776612437019756,0.375634871191098,-0.573575109291268,2.12353485379745
"471",-0.0385660363618474,0.388627009005955,0.898088400995195,0.893782704995519,0.335924621784405,-0.734251670062593,0.344584183098678,-0.405521952127888,0.0924090868732295,-0.944932300193978
"472",-0.26430726278324,-0.246581323119527,-0.0146609300015527,0.591788583122601,-0.057967858141722,0.498585669325032,0.505689953557354,-0.554454191514401,0.960218415386238,1.76284260250884
"473",0.276420317524081,-0.587648296140851,-0.170716191930997,0.748197089970143,-0.083715334792065,0.289030282569935,0.824352199354282,-0.601720228722128,-0.891740771076667,-1.24132441260828
"474",0.386019418210775,-0.289453497212936,0.240095497062628,-0.232970513241554,-1.00230128055138,-0.0741644517459621,0.428413755244472,-0.439467040366908,-0.420559651480265,1.72493678016667
"475",-0.0669771055802562,0.0197470508371731,-0.857044209434409,0.655777632507741,-0.396879798326536,-0.142957593972277,0.472146293188242,0.670189826648665,-0.807770786045607,-1.80634104394071
"476",0.16806321019811,0.889049467400246,-0.125284844298968,0.926555214518288,-0.0468312203194941,0.460806198219319,0.983039063885963,-0.708229735823046,-0.330211151667174,-3.9481925471723
"477",0.947716513474074,0.847776735110223,1.01798378568552,-0.113909978312883,-0.410959652538427,0.427427035244085,0.255398764235355,0.333903885003153,-0.210701828873048,2.90791914126223
"478",0.423018745748187,0.0129738641360676,-0.843377690882642,0.76777268372202,-0.124154776671035,0.790726652696152,-0.123501932086128,0.6345694603912,0.212420812065772,-0.478314209005694
"479",-0.423004429766825,0.993786821099013,0.509948256063857,0.405086328397516,0.311561000038743,0.36293544341787,-0.593280339736045,-0.0327585086216047,0.90938012613651,-3.15740544965605
"480",-0.659772013384445,-0.609536226716078,-0.17447277532568,-0.960897686036164,-0.235823887633416,-0.0624014339877283,0.374341087158239,-0.176213988550812,-0.402528986807562,-0.149815299242181
"481",0.0690519267970265,-0.542636010935242,0.900703718999123,0.878242632013989,-0.40100276956842,-0.282792704908822,0.341878793464281,-0.105751249724386,0.649323428242968,1.20666011098791
"482",0.392951451669413,-0.115990193597166,-0.522643687419611,0.757687390980659,-0.48254995164182,-0.649289689829701,-0.868086375950355,-0.51002315159096,-0.244046883255295,-0.186186656565405
"483",0.49373880794171,0.475561150782444,0.312345418112894,0.643893456997523,0.390800646034669,0.098663276774171,0.910615536150344,-0.895758486347096,0.480239736947011,0.90075406738271
"484",0.372848255207529,0.619280909905579,-0.127152237606253,-0.915480042179384,-0.62123884480014,-0.00101157753756227,0.620034192970529,-0.923620731025384,-0.863108236974154,0.04692658316188
"485",0.452300329536024,0.743283291619536,-0.0932110049469088,0.837669853216493,-0.879924528352039,-0.742825006343087,-0.714968659592901,0.524297402688711,-0.105645641961076,-2.06154969144883
"486",0.25214188321485,-0.738788999035192,-0.350927864113769,0.409115297435701,0.350441189011943,0.131947559948972,0.10524469899994,0.34746391082507,-0.679839515744027,1.06581481938668
"487",0.651794755583532,0.660439401697948,-0.712299794226439,0.752681704563965,0.0538796317404484,-0.85465094903943,0.701641498132912,-0.499783465902747,-0.841260581474258,0.376682572755771
"488",-0.296947344381813,-0.466449530853386,0.496943751283043,-0.954121348881394,0.258408849206097,0.362057622761382,0.525597316144425,1.00634963200281,-0.808577309587474,2.61339244843004
"489",0.661592630616161,0.714049954141132,-0.763092753101918,-0.488871247318599,0.0253781004230828,0.323673467062137,-0.447038587950237,-0.246349627282843,-0.895908689603834,-1.67266167344835
"490",0.371136209448782,0.695783577158241,0.794814226877229,0.313383327844491,0.93869455313639,-0.903123451445019,0.438187778075534,-0.923766381503873,0.444705020945378,0.699152652606296
"491",-0.045637624858093,-0.880702042972345,-0.616473767896152,0.235953821777544,-0.312374699188192,0.207505658469226,0.0224213173236523,-0.158502281234544,0.362193323427131,0.236829833498819
"492",0.470813383998291,-0.408368979375564,-0.960508711327943,0.768638944154053,-0.18314753033734,-0.111942059373837,-0.648580258852412,-0.278365016038033,-0.901343260620742,-0.210887995619209
"493",0.486600558485655,0.981086399614625,0.840310875781183,-0.78856905240649,-0.870305628253114,-0.912882164821967,0.955848095241533,0.809461700568125,-0.284092713052431,0.687118980320031
"494",0.548535554742925,-0.518747860509413,0.454629911519502,-0.526162117269976,-0.546789070503483,0.288563863942656,-0.573259853492456,-0.178569920837106,-0.179405408780699,3.82742905558008
"495",0.237493407115181,0.982210692174754,-0.521952839306905,-0.76866811480034,0.653095900408724,0.138454487969717,0.566180055385894,0.859103235387607,0.140428578994513,-1.03600583272162
"496",0.704418753137153,0.483752175067345,-0.243739017727424,0.0119230282411747,-0.110708075833371,-0.880007841340496,0.869447583473936,0.29232180100668,-0.0210969696929762,-2.23104154089036
"497",-0.453401506665909,0.216729788457763,-0.366473275723652,-0.565346763029642,-1.0170485008001,-0.725731469478787,0.479528660062774,-0.704793327946946,0.33028080038308,-0.589881777354048
"498",-0.429709060065871,0.669595892501785,0.392329520009985,-0.687270956595898,-0.396561222672895,0.730952088493543,0.88396285244225,0.421322625384338,0.623032065976661,-2.6249608601487
"499",0.701880413256724,-0.863433719182445,-0.656458564004102,0.404922065114265,-0.385165845947925,0.771324769791234,-0.230980015669522,0.874573177637398,-0.0321528482826991,1.84374919574701
"500",0.845576681690628,-0.0707558399640755,-0.470100090106404,0.0251641094062562,-0.284227452671472,0.445408397354716,0.773261797988042,-0.0063431757617986,0.564913031031033,-1.4755510328211
