Per√≠odo,CHLLOLITOAASTSAM,CHLLOLITOTRGYSAM,CHLLOLITONOSTSAM,CHNLOLITOAASTSAM,CHNLOLITONOSTSAM,CHNLOLITOTRGYSAM,OECDLOLITOAASTSAM,OECDLOLITOTRGYSAM,OECDLOLITONOSTSAM,CPIAUCSL,UNRATE,FEDFUNDS,USSLIND,USALOLITOAASTSAM,USALOLITONOSTSAM,USALOLITOTRGYSAM,EA19LOLITOAASTSAM,EA19LOLITONOSTSAM,EA19LOLITOTRGYSAM,RUSLOLITOAASTSAM,RUSLOLITOTRGYSAM,RUSLOLITONOSTSAM,ICC_ARGENTINA,ind.sint.act.construcion_argentina,reservas_internacionais_argentina,saldo_bcc_arg,ipc_peru,reservas_internacionais_peru,saldo_bcc_peru,desemprego_peru
1/2002,98.3519,2.758641,98.71764,97.76781,97.85893,12.50796,99.14538,2.027262,99.19245,177.7,5.7,1.73,0.53,98.84121,98.90093,2.952523,99.17048,99.17916,0.263253,97.92216705,2.798860184,98.89282981,34.19,54.14,14069,7105,81.1,8.67,-0.21,10.82
2/2002,97.81339,2.235152,98.29863,98.04879,98.12801,13.05384,99.35434,2.495812,99.37992,178,5.7,1.74,0.71,99.12913,99.17369,3.504709,99.26856,99.27703,0.559699,98.0355543,3.351327911,98.95308617,30.82,53.39,13883,8170,81.07,9.03,-0.12,11.14
3/2002,97.39411,1.675042,97.9724,98.37424,98.43966,13.59589,99.51849,2.867583,99.52916,178.5,5.7,1.73,0.51,99.3446,99.37782,3.891105,99.36207,99.36955,0.876404,98.19642513,3.909020292,99.03857631,32.76,59.86,12780,9701,81.51,8.79,0,9.91
4/2002,97.07692,1.164947,97.7256,98.68542,98.73765,14.11876,99.59761,3.099575,99.6039,179.3,5.9,1.75,0.61,99.43433,99.46282,4.062363,99.42428,99.42961,1.174653,98.33942614,4.417361306,99.11457006,30.11,57.4,12171,10797,82.1,9.1,-0.07,10.98
5/2002,96.87495,0.772618,97.56845,98.96173,99.00225,14.63518,99.58135,3.189801,99.59313,179.5,5.8,1.75,0.73,99.38003,99.41139,4.024619,99.44031,99.44236,1.426307,98.42199996,4.863743669,99.15845152,29.34,57.28,10185,11818,82.22,9.16,0.01,9.68
6/2002,96.74177,0.520062,97.46483,99.20339,99.23367,15.14021,99.4823,3.179584,99.50525,179.6,5.8,1.75,0.99,99.19004,99.2314,3.842995,99.40731,99.40549,1.624815,98.44718294,5.288294949,99.17183429,31.6,58.47,9629,12594,82.03,9.13,0.15,8.98
7/2002,96.71762,0.422331,97.44603,99.41206,99.43349,15.62183,99.33446,3.111355,99.36945,180,5.8,1.73,1.12,98.91588,98.97167,3.596787,99.33758,99.33192,1.773309,98.45112087,5.733561492,99.17392699,31.75,58.08,8986,13443,82.06,9.59,0.12,8.2
8/2002,96.86002,0.579467,97.55684,99.60221,99.61559,16.05279,99.17418,3.019558,99.21873,180.5,5.7,1.74,0.91,98.62262,98.69384,3.350966,99.24566,99.23587,1.873999,98.46305504,6.202657935,99.18026905,32.92,60.87,9102,14170,82.14,9.89,0.22,8.97
9/2002,97.15254,1.017824,97.78444,99.80445,99.80925,16.43024,99.0228,2.909583,99.07286,180.8,5.7,1.75,0.97,98.35008,98.43565,3.105394,99.14381,99.12941,1.928318,98.49125801,6.675507609,99.19525671,28.44,61.59,9404,14987,82.53,9.86,0.3,8.38
10/2002,97.58239,1.70639,98.1189,100.0271,100.0225,16.73048,98.8943,2.751369,98.94681,181.2,5.7,1.75,0.88,98.13513,98.23202,2.826704,99.03968,99.02128,1.916102,98.53590888,7.103921516,99.21898511,36.44,63.41,9883,15830,83.12,9.58,0.3,8.12
11/2002,98.05472,2.597292,98.48641,100.259,100.2445,16.9446,98.79024,2.530034,98.84559,181.5,5.9,1.34,0.72,97.99294,98.09732,2.505203,98.9397,98.9181,1.832199,98.60101259,7.445236957,99.2535826,39.17,65.29,10022,16445,82.79,9.77,0.3,8.9
12/2002,98.49322,3.593609,98.8276,100.4643,100.4411,17.06004,98.69522,2.24642,98.7574,181.8,6,1.24,0.66,97.89773,98.00711,2.136002,98.84356,98.8188,1.686004,98.69663752,7.68500267,99.30439969,37.06,71.18,10476,16662,82.76,9.6,0.32,8.94
1/2003,98.80847,4.575039,99.07289,100.6275,100.5974,17.08364,98.60348,1.934022,98.67691,182.6,5.8,1.24,0.91,97.82893,97.94193,1.753002,98.7589,98.72932,1.508606,98.81075985,7.817592922,99.3650467,41.51,74.52,9326,17091,82.95,9.88,0.38,9.92
2/2003,99.02034,5.432278,99.23774,100.7569,100.7213,17.02219,98.53095,1.646119,98.61531,183.6,5.9,1.26,0.69,97.79748,97.91214,1.42467,98.69001,98.65411,1.32585,98.92506469,7.854043009,99.4257907,39.5,75.11,10289,17288,83.34,10.28,0.48,9.56
3/2003,99.11912,6.048504,99.3146,100.8695,100.8292,16.88711,98.50939,1.458154,98.59896,183.9,5.9,1.25,0.47,97.83471,97.94741,1.2436,98.64873,98.60607,1.177631,99.02682227,7.822878353,99.47986681,38.36,78.07,10517,17086,84.27,10.44,0.37,10.6
4/2003,99.1112,6.443627,99.30844,100.9506,100.9068,16.73141,98.56451,1.436712,98.6501,183.2,6,1.26,0.26,97.96659,98.07235,1.289409,98.65341,98.60474,1.109806,99.13548745,7.817171363,99.53761378,40.13,82.41,10971,16865,84.23,10.46,0.44,9.42
5/2003,99.06874,6.677102,99.2754,100.9917,100.9462,16.56941,98.68933,1.584638,98.76338,182.9,6.1,1.26,0.47,98.18534,98.27958,1.57214,98.70838,98.65498,1.14168,99.26332707,7.896743546,99.60555044,44.52,77.01,11374,17395,84.2,10.36,0.55,9.3
6/2003,98.98666,6.792604,99.21154,101.0156,100.9691,16.42666,98.87322,1.878486,98.9298,183.1,6.3,1.22,0.56,98.46398,98.54355,2.056728,98.81609,98.75886,1.278622,99.39949153,8.04638917,99.67791109,54.42,78.74,12183,17576,83.81,10,0.49,9.1
7/2003,98.87588,6.756532,99.12534,101.0344,100.987,16.31456,99.1017,2.269407,99.13711,183.7,6.2,1.01,0.93,98.78876,98.85124,2.678372,98.96635,98.90648,1.497869,99.52546433,8.206415938,99.74485569,53.87,82.68,13484,17719,83.68,9.99,0.51,8.22
8/2003,98.78192,6.554465,99.05223,101.0628,101.0143,16.23272,99.35668,2.701912,99.36974,184.5,6.1,1.03,1.13,99.14954,99.19303,3.360815,99.14598,99.08421,1.771346,99.63588646,8.338879603,99.80353633,54.8,81.64,13584,17516,83.69,9.74,0.51,10.51
9/2003,98.75581,6.260906,99.03192,101.1122,101.0616,16.15814,99.62352,3.138907,99.61424,185.1,6.1,1.01,1.49,99.53601,99.55916,4.051912,99.33497,99.2726,2.066107,99.71832755,8.42109546,99.84734726,50.33,86.88,13406,16988,84.16,9.78,0.58,8.21
10/2003,98.81441,5.909929,99.07751,101.1702,101.1171,16.06677,99.88282,3.545397,99.85267,184.9,6,1.01,1.56,99.92807,99.93058,4.69071,99.51304,99.45193,2.353483,99.78204758,8.462884743,99.88120942,50.37,90.78,12902,16608,84.2,9.81,0.67,9.06
11/2003,98.98116,5.630791,99.20725,101.2256,101.1702,15.95901,100.1123,3.896093,100.0654,185,5.8,1,1.53,100.2938,100.277,5.225783,99.66151,99.60436,2.607493,99.84316357,8.477342964,99.91368774,49.32,93.83,13483,16374,84.34,10.3,0.77,9.41
12/2003,99.24978,5.497805,99.41626,101.2563,101.1996,15.8506,100.2973,4.191559,100.239,185.5,5.7,0.98,1.78,100.6007,100.5678,5.649099,99.76968,99.7185,2.817209,99.90494415,8.456964832,99.94651924,50.18,91.27,14119,16088,84.82,10.19,0.89,9.74
1/2004,99.60842,5.591788,99.69532,101.2426,101.1865,15.73669,100.4329,4.432285,100.3687,186.3,5.7,1,1.51,100.8318,100.7868,5.963948,99.8418,99.79707,2.978795,99.95823084,8.405094879,99.97483691,57.73,95.42,14920,15406,85.27,10.56,1.09,11.12
2/2004,100.0182,5.848442,100.0142,101.1891,101.1352,15.61271,100.5161,4.597693,100.4513,186.7,5.6,1.01,1.47,100.9695,100.9172,6.139309,99.89217,99.85354,3.102393,99.9882586,8.325890932,99.99079429,59.83,98.59,15003,15086,86.2,10.5,1.26,10.58
3/2004,100.4041,6.198472,100.3145,101.0744,101.0254,15.43451,100.556,4.663348,100.4949,187.1,5.8,1,1.61,101.0333,100.9777,6.161318,99.92717,99.89412,3.181823,99.9809361,8.218062299,99.98690296,56.72,107.87,15003,14736,86.6,10.41,1.56,10.22
4/2004,100.7359,6.603529,100.5726,100.9087,100.8667,15.23057,100.5622,4.61181,100.5069,187.4,5.6,1,1.64,101.0352,100.9794,6.014408,99.95453,99.92662,3.20563,99.92816312,8.051637284,99.95885829,49.96,95,15763,14776,86.58,10.47,1.66,10.69
5/2004,101.0292,7.003435,100.8008,100.7307,100.6963,15.05444,100.5444,4.460743,100.4957,188.2,5.6,1,1.8,100.9946,100.941,5.728346,99.9764,99.95439,3.171374,99.85350089,7.838915293,99.91918121,51.02,97.84,16705,14340,86.88,10.82,1.75,9.09
6/2004,101.3061,7.427088,101.0163,100.5976,100.5688,14.94537,100.5099,4.229516,100.4684,188.9,5.6,1.03,1.53,100.9211,100.8714,5.343659,99.99606,99.98119,3.079946,99.77522906,7.611617711,99.87758591,50.82,100.16,17443,13526,87.37,10.86,1.77,8.61
7/2004,101.5614,7.857434,101.2149,100.5165,100.4912,14.89774,100.4634,3.938952,100.4287,189.1,5.5,1.26,1.57,100.8198,100.7753,4.881598,100.0152,100.0086,2.943904,99.70825752,7.405867138,99.84199583,49.09,97.67,18068,13014,87.54,11.06,2.05,8.08
8/2004,101.7473,8.193924,101.3596,100.475,100.4514,14.88063,100.4115,3.615483,100.3826,189.2,5.4,1.43,1.47,100.7057,100.6673,4.369918,100.0335,100.0354,2.776919,99.65163074,7.226229207,99.81190317,46.68,95.82,18076,12715,87.53,10.96,2.19,9.46
9/2004,101.8463,8.361232,101.4366,100.4477,100.4253,14.85238,100.3705,3.29149,100.3446,189.8,5.4,1.61,1.38,100.6047,100.5716,3.84697,100.0502,100.0589,2.598963,99.584436,7.063368799,99.77619447,47.34,99.85,18224,12642,87.55,11.19,2.39,9.14
10/2004,101.8561,8.337793,101.4442,100.4044,100.3837,14.79253,100.3427,2.989431,100.3173,190.8,5.5,1.76,1.38,100.5347,100.5053,3.352579,100.0556,100.0686,2.421135,99.49479691,6.894399851,99.72855837,49.45,100.34,18587,12498,87.53,12.17,2.66,9.18
11/2004,101.7817,8.103445,101.3863,100.3476,100.3294,14.71678,100.324,2.72766,100.298,191.7,5.4,1.93,1.5,100.5045,100.4767,2.928142,100.0426,100.0567,2.255233,99.3818487,6.701061066,99.66853532,54.13,101.23,18944,12229,87.78,12.34,2.77,8.27
12/2004,101.6127,7.655757,101.2548,100.2655,100.2507,14.63668,100.299,2.504812,100.2734,191.7,5.4,2.16,1.37,100.4883,100.4614,2.579284,100.008,100.0204,2.108451,99.28232425,6.519287159,99.61564594,52.03,105.34,19646,12129,87.77,12.63,3,8.77
1/2005,101.3783,7.041205,101.0725,100.1717,100.1609,14.59017,100.2531,2.310488,100.2299,191.6,5.3,2.28,1.16,100.4518,100.4268,2.286926,99.94761,99.9569,1.97209,99.23161482,6.396716111,99.58869788,56.81,106.83,20137,12295,87.86,13.13,3.16,13
2/2005,101.1065,6.334018,100.861,100.0979,100.0903,14.60821,100.1822,2.143154,100.1649,192.4,5.4,2.5,1.54,100.3901,100.3683,2.06291,99.86884,99.874,1.838312,99.23103884,6.350280867,99.58839179,55.97,106.99,20792,12003,87.65,13.33,3.25,10.57
3/2005,100.8446,5.66476,100.6572,100.0704,100.064,14.74554,100.1007,2.007943,100.092,193.1,5.2,2.63,1.39,100.3166,100.2986,1.900229,99.78592,99.78684,1.715403,99.27056352,6.384052996,99.60939604,58.41,110.83,20339,11892,88.22,13.56,3.42,10.4
4/2005,100.6034,5.075552,100.4695,100.0704,100.064,14.96947,100.0308,1.917334,100.0313,193.7,5.2,2.79,1.64,100.2639,100.2487,1.819478,99.71607,99.71228,1.612882,99.3427147,6.498632324,99.64773869,52.27,112.04,20904,11684,88.33,23.63,3.56,9.66
5/2005,100.4219,4.589016,100.3283,100.0868,100.0797,15.22378,99.99624,1.885661,100.0037,193.6,5.1,3,1.31,100.2558,100.241,1.825095,99.67559,99.66754,1.545036,99.45644308,6.678645313,99.70817635,51.41,112.78,22103,11301,88.44,14.02,3.69,10.25
6/2005,100.2938,4.174462,100.2286,100.1205,100.1119,15.44407,100.0136,1.922302,100.0214,193.7,5,3.04,1.67,100.2883,100.2718,1.903319,99.67977,99.66822,1.523989,99.62341963,6.917190952,99.79691119,50.63,114.37,23052,11117,88.67,13.82,3.99,9.06
7/2005,100.2378,3.855988,100.185,100.141,100.1315,15.58656,100.0749,2.014478,100.0753,194.9,5,3.26,1.68,100.3344,100.3155,2.021852,99.72996,99.7156,1.549242,99.82832697,7.181828004,99.90580326,50.51,116.97,25105,11305,88.76,15.28,4.15,8.55
8/2005,100.2597,3.687371,100.2021,100.1323,100.1232,15.64662,100.1704,2.145413,100.1576,196.1,4.9,3.5,1.78,100.3954,100.3733,2.166903,99.8189,99.80225,1.613562,100.0498827,7.450563305,100.0235427,52.06,121.75,25252,11604,88.6,13.63,4.29,10.02
9/2005,100.3042,3.628077,100.2367,100.082,100.075,15.6389,100.2932,2.291697,100.265,198.8,5,3.62,1.3,100.4894,100.4624,2.330898,99.94085,99.92175,1.711881,100.2653268,7.721367366,100.1380342,49.93,125.03,25614,11642,88.52,13.7,4.48,9.31
10/2005,100.3747,3.683462,100.2916,100.0224,100.018,15.63546,100.4397,2.447028,100.3962,199.1,5,3.78,1.35,100.6323,100.5977,2.51153,100.086,100.0644,1.843854,100.4777595,8.010448015,100.2509254,50.12,129.49,26548,11680,88.65,13.55,4.52,7.9
11/2005,100.4766,3.854309,100.3708,99.9962,99.99288,15.68257,100.5962,2.601711,100.5408,198.1,5,4,1.51,100.8118,100.7678,2.687373,100.2479,100.225,2.009916,100.7222813,8.356641979,100.3808694,53.37,130.14,26525,11404,88.71,13.54,4.75,8.61
12/2005,100.5595,4.099738,100.4354,100.0164,100.0122,15.80932,100.7437,2.751961,100.6812,198.1,4.9,4.16,1.7,100.9882,100.9349,2.844082,100.4214,100.398,2.208563,101.0185796,8.741183872,100.5383285,51.01,134.09,28077,11701,89.08,14.1,5.29,7.59
1/2006,100.6001,4.366645,100.467,100.0902,100.0829,16.00836,100.8708,2.901219,100.8041,199.3,4.7,4.29,1.85,101.1287,101.068,2.983321,100.5939,100.57,2.43078,101.3594021,9.117103691,100.7194488,57.07,129.59,19689,11685,89.53,14.14,5.3,10.42
2/2006,100.647,4.677244,100.5034,100.2216,100.2087,16.24794,100.9717,3.047796,100.9024,199.4,4.8,4.49,1.62,101.221,101.1554,3.097986,100.7515,100.7264,2.65538,101.7140151,9.449122935,100.9078976,56.22,133.69,20532,11710,90.02,13.99,5.39,8.9
3/2006,100.6637,4.945107,100.5164,100.402,100.3815,16.48714,101.0429,3.17344,100.972,199.7,4.7,4.59,1.58,101.2568,101.1894,3.165793,100.8874,100.8602,2.86052,102.0589861,9.722494957,101.0912224,59.86,136.39,21549,11779,90.43,14.47,5.44,7.74
4/2006,100.6256,5.13281,100.4868,100.6044,100.5753,16.71653,101.08,3.250829,101.0097,200.7,4.7,4.79,1.43,101.234,101.1677,3.151143,101.0014,100.9719,3.028134,102.3779514,9.927559809,101.2607273,54.02,138.45,22400,11978,90.89,14.49,5.95,9.47
5/2006,100.522,5.187662,100.4061,100.7829,100.7463,16.89544,101.0852,3.257484,101.0179,201.3,4.6,4.94,1.08,101.1745,101.1114,3.052058,101.0942,101.0623,3.14201,102.6417513,10.02304088,101.4009161,56.76,137.54,24162,12114,90.41,14.24,6.28,9.34
6/2006,100.3993,5.164369,100.3107,100.898,100.8565,16.97698,101.0803,3.198821,101.0183,201.8,4.6,4.99,1.13,101.1178,101.0577,2.912978,101.1764,101.1431,3.196679,102.8556223,10.00191453,101.5145716,58.53,139.83,25490,12376,90.29,14.42,6.59,8.02
7/2006,100.2736,5.059998,100.2129,100.9565,100.9124,17.00468,101.086,3.104008,101.0291,202.9,4.7,5.24,0.72,101.0853,101.0269,2.783648,101.2578,101.2245,3.200839,103.0236377,9.886021567,101.6038586,57.74,143.68,26223,12088,90.14,14.64,7.25,8.21
8/2006,100.2193,4.946436,100.1706,101.0151,100.9685,17.06321,101.1207,3.002474,101.0655,203.8,4.7,5.25,1.01,101.097,101.0379,2.683215,101.3492,101.3166,3.172886,103.148614,9.702435571,101.6702736,55.86,142.28,27397,11841,90.26,15.38,7.62,9.08
9/2006,100.3069,4.955768,100.2388,101.1355,101.0839,17.23863,101.1862,2.902875,101.1292,202.8,4.5,5.25,0.88,101.1613,101.0989,2.601703,101.4522,101.4203,3.12051,103.2495292,9.496720819,101.7239021,58.95,139.56,28048,11705,90.29,15.17,8.08,8.17
10/2006,100.5575,5.106352,100.4338,101.348,101.2874,17.52845,101.2729,2.799458,101.2112,201.9,4.4,5.25,1.08,101.2574,101.1899,2.501987,101.5663,101.5344,3.05338,103.3675975,9.309227509,101.786646,59.73,137.92,29082,11758,90.33,15.67,8.37,7.16
11/2006,100.9549,5.374838,100.743,101.6439,101.5707,17.87249,101.3675,2.692836,101.2996,202,4.5,5.25,0.82,101.3681,101.2948,2.37944,101.6867,101.6529,2.973569,103.5169955,9.116687299,101.8660393,57.59,141.9,30328,12058,90.07,16.47,8.79,8.51
12/2006,101.4534,5.766162,101.1308,101.9696,101.8826,18.19291,101.46,2.592384,101.3861,203.1,4.4,5.24,1,101.4859,101.4064,2.266855,101.805,101.7682,2.877663,103.6823062,8.881833638,101.9538888,57.11,138.51,32037,12393,90.09,17.28,8.99,7.48
1/2007,101.9346,6.181466,101.5053,102.2873,102.1869,18.43696,101.5399,2.49919,101.4622,203.437,4.6,5.25,1.28,101.6003,101.5147,2.187272,101.911,101.8721,2.768676,103.8443978,8.593143171,102.0400277,60.97,138.98,33739,11968,90.1,17.85,8.93,11.55
2/2007,102.3112,6.479117,101.7983,102.5851,102.472,18.58587,101.6094,2.421191,101.5295,204.226,4.5,5.26,1.09,101.7124,101.6209,2.153751,102.0031,101.9629,2.659053,104.0097004,8.290987636,102.127873,59.54,143.31,34936,12001,90.34,18.14,9.06,9.46
3/2007,102.5713,6.685833,102.0007,102.8718,102.7466,18.66039,101.6691,2.362676,101.5873,205.288,4.4,5.26,1.34,101.8268,101.7293,2.179431,102.0812,102.0407,2.555924,104.1695344,7.991470464,102.2128122,58.84,138.64,36849,11825,90.65,18.43,9.29,8.32
4/2007,102.704,6.81682,102.1039,103.1163,102.9807,18.65654,101.7196,2.328786,101.6345,205.904,4.5,5.25,1.04,101.9355,101.8323,2.258551,102.1439,102.1036,2.457873,104.3092347,7.69664271,102.2870518,52.8,142,38606,11683,90.81,19.7,9.23,9.26
5/2007,102.7032,6.877681,102.1033,103.2769,103.1345,18.58139,101.7561,2.312555,101.6649,206.755,4.4,5.25,1.21,102.0186,101.9111,2.349143,102.1869,102.1476,2.359958,104.420061,7.427913591,102.3459473,52.92,146.59,40581,11642,91.26,21.27,9.2,8.02
6/2007,102.5758,6.826617,102.0042,103.3327,103.1879,18.45778,101.7668,2.280064,101.6668,207.234,4.6,5.25,0.7,102.059,101.9494,2.394385,102.1961,102.1586,2.237633,104.5069766,7.184492878,102.392136,51.32,147.78,43157,11595,91.69,21.53,9.34,7.6
7/2007,102.348,6.673585,101.8269,103.2866,103.1438,18.28139,101.7454,2.204464,101.6353,207.603,4.7,5.26,0.51,102.0421,101.9334,2.358168,102.1635,102.1284,2.073101,104.5617455,6.953438085,102.4212414,50.18,150.93,44202,11119,92.12,23.33,9.12,8.18
8/2007,102.0818,6.4045,101.6198,103.165,103.0274,18.01597,101.6882,2.06335,101.5701,207.667,4.6,5.02,0.55,101.9647,101.86,2.217078,102.0937,102.0603,1.860338,104.5751438,6.722331977,102.4283615,46.61,153,43160,10469,92.25,24.07,8.91,7.97
9/2007,101.8109,5.980215,101.409,102.9539,102.8252,17.57418,101.6059,1.866345,101.4844,208.547,4.7,4.94,0.4,101.8556,101.7566,1.99199,101.9997,101.9673,1.611261,104.5527729,6.477356553,102.4164732,49.21,146.71,42891,10455,92.82,22.83,8.81,8.36
10/2007,101.5139,5.359059,101.178,102.6472,102.5315,16.91618,101.5093,1.634269,101.388,209.19,4.7,4.76,0.61,101.7347,101.6421,1.724453,101.8902,101.8574,1.335403,104.4808967,6.162425279,102.3782766,47.9,153.71,43000,10686,93.11,24.89,8.77,7.44
11/2007,101.2009,4.572922,100.9344,102.2688,102.1691,16.08243,101.3987,1.381108,101.2801,210.834,4.7,4.49,0.43,101.6059,101.5201,1.436006,101.7633,101.7286,1.035964,104.3404464,5.744556408,102.3036384,51.46,157.18,44860,10853,93.21,26.35,8.51,7.95
12/2007,100.8863,3.688797,100.6896,101.8449,101.7632,15.16695,101.278,1.121036,101.1639,211.445,5,4.24,0.25,101.4767,101.3977,1.142187,101.6231,101.5846,0.725678,104.1250422,5.234311622,102.1891681,51.51,155.94,46176,11273,93.63,27.69,8.5,6.95
1/2008,100.5529,2.812662,100.4302,101.3713,101.3097,14.20916,101.139,0.856569,101.0332,212.174,5,3.94,0.41,101.3403,101.2684,0.846636,101.4713,101.4271,0.416608,103.8531342,4.670843143,102.0446704,55.04,154.16,47660,12174,93.84,30.74,8.56,9.4
2/2008,100.136,1.965414,100.1059,100.8265,100.788,13.19851,100.9629,0.566832,100.874,212.687,4.9,2.98,0.32,101.1835,101.1199,0.535469,101.2981,101.2485,0.100963,103.5550549,4.078980425,101.8862648,52.03,150.61,49261,12393,94.69,32.31,8.62,10.54
3/2008,99.61715,1.137154,99.70211,100.2197,100.2069,12.13589,100.747,0.248948,100.684,213.448,5.1,2.61,0.19,101.0091,100.9547,0.206965,101.0903,101.0363,-0.23448,103.2149085,3.452111067,101.7055039,45.51,152.86,50464,12470,95.68,35.58,8.49,8
4/2008,99.03272,0.373093,99.24738,99.51527,99.53233,11.01587,100.4856,-0.10327,100.4558,213.942,5,2.28,0.18,100.7996,100.7563,-0.14786,100.8348,100.7785,-0.60069,102.7717036,2.744381721,101.4699755,45.62,157.36,50247,12148,95.83,35.63,8.23,8.53
5/2008,98.37833,-0.32828,98.7382,98.6941,98.74597,9.860708,100.1622,-0.50128,100.1716,215.208,5.4,1.98,0,100.5272,100.4982,-0.53716,100.5177,100.4612,-1.00715,102.1233722,1.863299334,101.1254386,40.31,157.37,48588,11874,96.18,34.86,7.97,7.86
6/2008,97.59747,-1.03344,98.13063,97.76928,97.86034,8.704916,99.75918,-0.95102,99.81305,217.463,5.6,2,-0.12,100.1525,100.1432,-0.98303,100.1289,100.0744,-1.45011,101.1557265,0.6914955753,100.6112113,39.6,152.93,47516,11143,96.92,35.52,7.1,7.35
7/2008,96.6829,-1.77716,97.41902,96.79251,96.92496,7.599869,99.26278,-1.45999,99.36937,219.016,5.8,2.01,-0.41,99.64721,99.6645,-1.4997,99.66851,99.61836,-1.92182,99.84264679,-0.7875652347,99.91341311,40.47,165.57,47545,11619,97.46,34.84,6.4,9.16
8/2008,95.71642,-2.53759,96.66702,95.82888,96.00218,6.587977,98.67046,-2.02735,98.83927,218.69,6.1,2,-0.79,98.99487,99.0465,-2.10097,99.14076,99.09722,-2.42266,98.27527344,-2.473974231,99.08047796,41.38,157.98,47090,13512,98.03,34.92,6.25,8.61
9/2008,94.78348,-3.26008,95.94111,94.98076,95.19001,5.795944,97.9949,-2.65129,98.23265,218.877,6.1,1.81,-0.6,98.20346,98.29675,-2.80744,98.55182,98.51672,-2.95937,96.63411321,-4.194437919,98.20833091,44.41,156.03,47121,14255,98.59,34.7,5.27,7.73
10/2008,93.99768,-3.80813,95.3297,94.33291,94.56961,5.323776,97.28782,-3.29095,97.59244,216.995,6.5,0.97,-1.18,97.3324,97.47155,-3.5799,97.92975,97.90456,-3.51266,95.10991075,-5.748658525,97.39833768,40.11,151.43,44941,14007,99.2,31.93,4.24,7.32
11/2008,93.52032,-4.02437,94.95827,93.95531,94.20802,5.226749,96.64407,-3.85246,97.00107,213.153,6.8,0.39,-1.77,96.49701,96.68013,-4.30809,97.33753,97.32318,-4.01869,93.84774801,-6.977718785,96.72759787,39.12,148.25,46072,13688,99.5,30.97,3.68,7.89
12/2008,93.38178,-3.88855,94.85047,93.88017,94.13606,5.51743,96.14511,-4.25827,96.53096,211.398,7.3,0.16,-1.88,95.79357,96.01372,-4.90339,96.84728,96.84264,-4.41003,92.90230928,-7.823316146,96.22517185,37.06,145.94,46386,12557,99.86,31.2,2.57,8.11
1/2009,93.55763,-3.40602,94.9873,94.12108,94.36676,6.220297,95.83697,-4.45439,96.2263,211.933,7.8,0.15,-2.32,95.2838,95.53079,-5.29763,96.51442,96.51731,-4.63318,92.27140348,-8.304020481,95.88989524,41.19,151.11,47009,12172,99.97,30.1,2.06,10.32
2/2009,93.99172,-2.56846,95.32506,94.65831,94.88122,7.342211,95.7433,-4.39873,96.10949,212.705,8.3,0.22,-2.29,95.00239,95.26419,-5.44338,96.35745,96.36485,-4.6601,91.92614707,-8.473956303,95.70641873,39.44,152.13,47025,12437,99.89,29.41,1.74,9.4
3/2009,94.66175,-1.37409,95.84639,95.38364,95.57581,8.758403,95.87044,-4.08102,96.19185,212.495,8.7,0.18,-2.65,94.97182,95.23523,-5.31967,96.38944,96.39895,-4.4642,91.83878405,-8.344671826,95.65999218,37.45,150.75,46509,12985,100.25,30.93,1.56,8.19
4/2009,95.54407,0.124715,96.53292,96.22275,96.37935,10.43059,96.19593,-3.51622,96.45812,212.709,9,0.15,-2.21,95.18162,95.43399,-4.91932,96.604,96.61281,-4.03803,91.96982482,-7.898378977,95.72963,37.54,148.96,46368,14345,100.27,31.08,1.29,8.72
5/2009,96.58359,1.882907,97.34175,97.12459,97.24297,12.33171,96.65504,-2.75076,96.85368,213.022,9.4,0.18,-1.29,95.56139,95.79376,-4.284,96.96869,96.97392,-3.39825,92.27254138,-7.084179644,95.89049995,39.09,148.65,46545,15848,100.23,31.19,1.56,8.46
6/2009,97.658,3.839617,98.17773,98.04691,98.1262,14.40937,97.1873,-1.82495,97.32559,214.79,9.5,0.21,-0.77,96.04197,96.24904,-3.44228,97.43411,97.43391,-2.5812,92.68947929,-5.842431011,96.11206952,40.01,151.35,46026,17229,99.89,30.79,2.04,8.28
7/2009,98.66153,5.901785,98.95856,98.91515,98.95764,16.52488,97.74028,-0.77422,97.82638,214.726,9.5,0.16,-0.21,96.56395,96.74355,-2.42159,97.94912,97.94437,-1.63466,93.17840396,-4.167302192,96.37189436,42.35,151.84,46047,17601,100.07,32.09,2.38,7.86
8/2009,99.54471,7.934999,99.64575,99.64888,99.66028,18.50638,98.27465,0.368677,98.31845,215.445,9.6,0.16,-0.06,97.08849,97.24047,-1.23828,98.46843,98.46182,-0.60472,93.7166645,-2.138347327,96.65793733,40.69,155.47,45021,16490,99.87,31.96,2.57,8.77
9/2009,100.1863,9.709744,100.145,100.2283,100.2151,20.19544,98.76208,1.566397,98.77318,215.861,9.8,0.15,0.3,97.58825,97.71392,0.07996,98.9593,98.95435,0.472476,94.28695017,0.07192100209,96.96099913,40.02,153.72,45348,15747,99.78,32.13,3.38,6.84
10/2009,100.542,11.03276,100.4218,100.6618,100.6303,21.47889,99.18068,2.745662,99.16852,216.509,10,0.12,0.17,98.04846,98.14991,1.464633,99.39158,99.39015,1.539782,94.87847753,2.260757622,97.2753492,39.03,153.98,46277,15966,99.9,31.92,4.4,7.27
11/2009,100.6439,11.72862,100.501,100.9611,100.9169,22.26308,99.53004,3.804631,99.50143,217.234,9.9,0.12,0.46,98.46777,98.54715,2.796414,99.74978,99.75098,2.515695,95.47644958,4.241132054,97.59312412,40.49,151.26,47072,16466,99.79,33.43,5.08,7.55
12/2009,100.6372,11.90554,100.4958,101.1017,101.0516,22.46338,99.8205,4.660664,99.77925,217.347,9.9,0.12,0.65,98.85276,98.91187,3.97453,100.0295,100.0299,3.316005,96.07019402,5.913374162,97.9086524,40.22,149.96,47967,16885,100.11,33.14,6.06,8.94
1/2010,100.6362,11.71497,100.495,101.0928,101.043,22.06989,100.0535,5.25738,100.0027,217.488,9.8,0.11,0.54,99.18627,99.22782,4.90432,100.2424,100.2385,3.887618,96.6557705,7.248676321,98.21984005,45.56,159.15,48129,17129,100.4,34.34,6.57,9.29
2/2010,100.714,11.30762,100.5555,100.9734,100.9287,21.16347,100.2281,5.561332,100.1699,217.281,9.8,0.13,0.76,99.43752,99.46585,5.504657,100.4032,100.3918,4.219329,97.2287601,8.255155071,98.52433877,43.54,159.82,47758,16352,100.73,35.01,7.07,10.54
3/2010,100.9037,10.75196,100.7032,100.8041,100.7666,19.96904,100.3521,5.570602,100.2886,217.353,9.9,0.16,1.1,99.61073,99.62994,5.747464,100.5293,100.5092,4.313057,97.79004411,8.953258282,98.82261689,41.38,171.74,47460,15262,101.01,35.27,7.1,7.7
4/2010,101.31,10.19586,101.0193,100.5914,100.5628,18.59929,100.418,5.302789,100.3522,217.403,9.9,0.2,1.14,99.68809,99.70323,5.622943,100.6288,100.6005,4.183474,98.32535659,9.366944909,99.1070932,43.48,165.78,48067,15093,101.03,35.05,7.43,8.8
5/2010,101.8243,9.58862,101.4194,100.356,100.3374,17.14943,100.4354,4.842246,100.3692,217.29,9.6,0.2,1.42,99.67529,99.6911,5.217653,100.7114,100.6774,3.877336,98.83166374,9.546210287,99.37615547,48.61,167.65,49000,14477,101.27,34.61,7.07,6.7
6/2010,102.3827,9.002976,101.854,100.1548,100.1448,15.74001,100.4292,4.283975,100.3643,217.199,9.4,0.18,1.45,99.61184,99.631,4.6536,100.8027,100.766,3.476635,99.33197894,9.585248076,99.64203348,47.63,166.55,49240,14103,101.53,35.34,7.4,7.22
7/2010,102.8763,8.439757,102.238,100.0418,100.0366,14.51856,100.4304,3.718342,100.3673,217.605,9.4,0.18,1.41,99.55516,99.5773,4.058644,100.9228,100.887,3.058041,99.83972993,9.549786437,99.91186303,48.1,162.67,51073,13460,101.9,38.64,7.3,7.26
8/2010,103.2431,7.885626,102.5234,100.0255,100.021,13.57928,100.4621,3.210606,100.4001,217.923,9.5,0.19,0.89,99.55323,99.57547,3.52518,101.0749,101.0431,2.672725,100.3559638,9.468303171,100.1862006,50.37,166.85,50348,13391,102.17,40.2,7.16,7.73
9/2010,103.4318,7.414444,102.6702,100.0878,100.0806,12.91385,100.5266,2.791256,100.4655,218.275,9.5,0.19,0.51,99.61998,99.63871,3.095436,101.2489,101.2246,2.343734,100.8805092,9.361254822,100.464955,48.83,166.6,51125,13564,102.14,42.46,7.1,7.92
10/2010,103.4735,7.100387,102.7027,100.2029,100.1909,12.47592,100.6143,2.471189,100.5547,219.035,9.4,0.19,0.79,99.74357,99.75578,2.770732,101.4292,101.4149,2.085108,101.4057002,9.233034911,100.7440525,50.05,171.75,51918,13361,101.99,42.96,6.98,7.9
11/2010,103.4126,6.950544,102.6553,100.3232,100.306,12.19414,100.7165,2.2398,100.6582,219.59,9.8,0.19,1.4,99.91589,99.91904,2.542244,101.5934,101.5909,1.88878,101.9134331,9.081337811,101.0138725,55.36,178.17,51896,12480,102,44.1,6.93,6.94
12/2010,103.2611,6.820839,102.5374,100.4172,100.3961,12.0582,100.8123,2.064016,100.7547,220.472,9.3,0.18,1.52,100.0992,100.0927,2.36299,101.7184,101.7279,1.734879,102.3851148,8.89866291,101.2645341,53.21,178.71,52145,11382,102.18,44.11,6.99,6.56
1/2011,103.0046,6.574693,102.3378,100.4952,100.4708,12.06815,100.8773,1.916826,100.8199,221.187,9.1,0.17,1.43,100.2511,100.2366,2.206626,101.7845,101.804,1.591203,102.7961593,8.663728787,101.4829717,55.69,179.46,52618,10479,102.58,44.51,6.87,9.43
2/2011,102.661,6.153326,102.0705,100.5655,100.5381,12.18976,100.8836,1.770834,100.8293,221.898,9,0.16,1.49,100.3357,100.3168,2.067664,101.7763,101.8019,1.428793,103.1270588,8.361598776,101.6588187,53.96,181.87,52318,10609,102.97,46.27,6.89,11.14
3/2011,102.2868,5.581464,101.7793,100.6233,100.5934,12.35118,100.818,1.604105,100.7696,223.046,9,0.14,1.65,100.3218,100.3036,1.909456,101.6883,101.7163,1.222584,103.357259,7.970658846,101.7811519,57.38,178.39,51298,10781,103.7,46.13,7.31,7.45
4/2011,101.8749,4.746504,101.4589,100.6379,100.6073,12.51122,100.6849,1.428475,100.6457,224.093,9.1,0.1,1.53,100.2096,100.1973,1.749909,101.5281,101.5567,0.972107,103.4689017,7.48911545,101.8404812,54.42,183.52,52011,10184,104.4,46.51,7.15,7.78
5/2011,101.4204,3.761925,101.1052,100.6103,100.581,12.64814,100.4923,1.241754,100.4659,224.806,9,0.09,1.3,100.0085,100.0068,1.592281,101.3134,101.3437,0.685291,103.4694547,6.928859504,101.8407751,55.55,191.17,52060,9700,104.38,46.31,7.73,6.78
6/2011,100.9823,2.757297,100.7643,100.5382,100.5119,12.69515,100.2606,1.039369,100.2491,224.806,9.1,0.09,1.23,99.7406,99.75297,1.418097,101.0552,101.0889,0.347222,103.397082,6.305029046,101.8023147,55.71,180.94,51695,9594,104.48,47.15,7.83,7.31
7/2011,100.626,1.90822,100.4871,100.4151,100.394,12.58411,100.0163,0.816472,100.0198,225.395,9,0.07,1.31,99.45498,99.48239,1.218629,100.7666,100.805,-0.0486,103.2885624,5.641699034,101.7446451,58.07,182.11,51923,9268,105.31,47.67,8.49,6.81
8/2011,100.4259,1.346787,100.3314,100.2369,100.2234,12.3007,99.78894,0.579917,99.80567,226.106,9,0.1,1.64,99.21822,99.25809,1.012868,100.4685,100.511,-0.48396,103.1747041,4.969693505,101.6841384,57.46,181.57,49990,8897,105.59,48.52,9.13,6.93
9/2011,100.3494,1.085,100.2718,100.0272,100.0225,11.89252,99.61957,0.368899,99.64598,226.597,9,0.08,1.38,99.10038,99.14646,0.85838,100.1984,100.2433,-0.91146,103.0864369,4.320629897,101.6372314,59.31,182.78,48590,8689,105.94,48.07,9.3,8.16
10/2011,100.3525,1.045206,100.2743,99.8242,99.82816,11.43234,99.53246,0.217593,99.56387,226.75,8.8,0.07,1.56,99.12744,99.17209,0.793815,99.98345,100.0279,-1.28855,103.010978,3.689130306,101.5971309,57.68,183.34,47523,8873,106.28,48.7,9.57,6.88
11/2011,100.3837,1.131547,100.2985,99.66686,99.6775,11.01727,99.52062,0.127756,99.55186,227.169,8.6,0.08,1.81,99.27719,99.31396,0.804673,99.82785,99.86845,-1.58972,102.920466,3.06521687,101.549031,56.69,184.52,46062,8796,106.74,49.05,9.02,6.09
12/2011,100.4167,1.306356,100.3242,99.56448,99.57945,10.69208,99.55829,0.094007,99.58558,227.223,8.5,0.07,1.73,99.49392,99.51928,0.872177,99.71906,99.7539,-1.8054,102.7908524,2.443002765,101.4801516,52.57,184.26,46376,9020,107.03,48.82,9.22,7.92
1/2012,100.4268,1.559428,100.3321,99.5285,99.545,10.45777,99.61029,0.105098,99.63179,227.842,8.3,0.08,1.97,99.70619,99.72038,0.966382,99.63312,99.66287,-1.94062,102.6053486,1.829445948,101.381571,57.35,188.16,46594,8760,106.92,50.83,9.72,9.2
2/2012,100.3934,1.853521,100.3061,99.55177,99.56729,10.29694,99.64335,0.155751,99.66,228.329,8.3,0.1,1.89,99.85653,99.8628,1.065161,99.55096,99.57749,-1.99932,102.3436238,1.222381865,101.2424849,52.63,175.18,46668,9406,107.26,53.32,9.89,7.83
3/2012,100.3022,2.118971,100.2351,99.58791,99.60189,10.1632,99.63883,0.239932,99.65366,228.807,8.2,0.13,1.94,99.92274,99.92553,1.177618,99.44873,99.47351,-2,101.9850226,0.6199932134,101.0519167,50.22,187.27,47291,10002,108.09,55.79,9.82,8.94
4/2012,100.1471,2.356448,100.1145,99.62585,99.63822,10.07806,99.59171,0.348285,99.6087,229.187,8.2,0.14,1.82,99.90699,99.9106,1.306018,99.31591,99.3395,-1.96025,101.5459938,0.05403436604,100.8186075,43.83,175.24,47844,10437,108.66,57.49,9.58,7.4
5/2012,99.95771,2.601486,99.9671,99.67686,99.68707,10.05267,99.51069,0.482129,99.53258,228.713,8.2,0.16,1.73,99.82957,99.83726,1.461677,99.16127,99.18427,-1.88832,101.080336,-0.4316522522,100.5711472,46.43,176.16,46978,10088,108.7,56.88,8.87,5.3
6/2012,99.77178,2.833197,99.82243,99.73267,99.74051,10.08078,99.41314,0.638745,99.44181,228.524,8.2,0.16,1.5,99.72777,99.74082,1.660693,98.99638,99.01883,-1.78288,100.6668133,-0.7975373633,100.3513925,44.38,176.83,46348,9765,108.66,57.23,8.55,6.22
7/2012,99.62735,3.023843,99.71005,99.79625,99.80141,10.17292,99.32319,0.816375,99.35903,228.59,8.2,0.16,1.47,99.64826,99.66549,1.901125,98.83806,98.85913,-1.63965,100.3446089,-1.040707297,100.1801663,43.59,180.5,46818,10708,108.76,57.98,7.76,7.1
8/2012,99.58026,3.153821,99.67341,99.86435,99.86662,10.33052,99.26019,1.004975,99.30129,229.918,8.1,0.13,1.44,99.61511,99.63409,2.139646,98.70226,98.72046,-1.46274,100.1077361,-1.196447643,100.0542872,42.74,166.17,45152,11226,109.31,59.77,6.86,6.68
9/2012,99.62284,3.247966,99.70654,99.94269,99.94163,10.53461,99.23484,1.173821,99.27767,231.015,7.8,0.14,1.62,99.63999,99.65766,2.315493,98.60323,98.61673,-1.27428,99.93046014,-1.319513843,99.96007897,42.27,172.04,45010,11345,109.91,61.16,6.78,6.05
10/2012,99.73728,3.332489,99.79558,100.051,100.0453,10.76507,99.24532,1.295955,99.28587,231.638,7.8,0.16,1.82,99.69924,99.71379,2.37675,98.55328,98.56031,-1.08904,99.79125801,-1.418710971,99.88610403,43.44,174.04,45274,10846,109.73,61.9,6.32,5.98
11/2012,99.87023,3.40513,99.89903,100.1915,100.1799,10.98122,99.29285,1.379371,99.32602,231.249,7.7,0.16,1.37,99.77471,99.78529,2.327534,98.55739,98.55626,-0.90631,99.68399234,-1.473275005,99.82910081,42.71,174.82,45238,11453,109.58,63.22,6.66,5.7
12/2012,100.0066,3.477414,100.0052,100.3479,100.3297,11.15414,99.37345,1.446059,99.39527,231.221,7.9,0.16,1.58,99.8676,99.87329,2.227004,98.60546,98.59446,-0.72411,99.60117329,-1.467388065,99.78508902,46.43,176.79,43290,12010,109.86,63.99,6.39,5.2
1/2013,100.1398,3.567959,100.1088,100.5007,100.476,11.24911,99.47516,1.519605,99.4836,231.679,8,0.14,1.71,99.97789,99.97778,2.148796,98.67987,98.65787,-0.5365,99.52460641,-1.402610963,99.74439977,46.86,180.11,42531,11999,109.99,67.02,5.2,7.52
2/2013,100.2225,3.649449,100.1731,100.6302,100.6,11.25212,99.5872,1.622471,99.58116,232.937,7.7,0.15,2,100.0949,100.0886,2.140639,98.7626,98.72951,-0.34334,99.43612205,-1.276827174,99.69737732,47.62,185.01,41609,10450,109.89,67.63,4.32,6.51
3/2013,100.3024,3.786155,100.2353,100.7496,100.7143,11.22969,99.69424,1.758473,99.67495,232.282,7.5,0.14,1.8,100.2005,100.1886,2.206427,98.84279,98.79938,-0.13103,99.34148556,-1.063368843,99.6470855,46.91,191.17,40446,9938,110.89,67.92,4.01,5.21
4/2013,100.3542,3.958799,100.2756,100.8531,100.8135,11.18805,99.79301,1.929565,99.76575,231.797,7.6,0.15,1.71,100.3075,100.29,2.357051,98.92912,98.87823,0.119962,99.26883185,-0.7485042143,99.60847579,44.06,184.63,39532,8695,111.17,68.26,3.69,5.11
5/2013,100.396,4.155908,100.3081,100.9534,100.9095,11.12864,99.89525,2.139036,99.8636,231.893,7.5,0.11,1.67,100.418,100.3947,2.574116,99.03738,98.98243,0.417094,99.24638133,-0.3547699207,99.59654511,41.65,189.41,38551,8966,111.38,66.77,3.27,6.71
6/2013,100.4098,4.319771,100.3189,101.0468,100.999,11.05673,99.99717,2.365412,99.96317,232.445,7.5,0.09,1.56,100.504,100.4761,2.791137,99.17153,99.11645,0.753,99.29041279,0.05737963809,99.61994435,44.49,186.14,37005,9018,111.67,66.68,2.78,5.48
7/2013,100.3935,4.408272,100.3062,101.1331,101.0815,10.96889,100.0959,2.581006,100.0623,232.9,7.3,0.09,1.54,100.5544,100.5239,2.948642,99.32995,99.2781,1.10907,99.39964825,0.4470469981,99.67799438,47.48,186.1,37049,7651,112.29,67.62,2.09,5.92
8/2013,100.337,4.352122,100.2622,101.1876,101.1338,10.84195,100.1908,2.764883,100.1597,233.456,7.2,0.08,1.67,100.5802,100.5483,3.032641,99.50896,99.4618,1.465128,99.55139775,0.7960531685,99.75863725,50.03,185.33,36678,6602,112.9,66.64,2.13,5.25
9/2013,100.236,4.154963,100.1836,101.2033,101.1488,10.66207,100.2756,2.899276,100.2482,233.544,7.2,0.08,1.75,100.5862,100.554,3.035799,99.69193,99.64984,1.789191,99.72143341,1.104766,99.84899777,48.65,182.83,34741,6169,113.02,66.73,1.64,6.62
10/2013,100.1059,3.852297,100.0824,101.1843,101.1306,10.41225,100.3462,2.981741,100.3235,233.669,7.2,0.09,1.39,100.5855,100.5534,2.996022,99.85864,99.82084,2.047282,99.88488995,1.369155226,99.93586202,51.85,183.23,33232,4732,113.06,66.39,1.21,5.32
11/2013,99.93443,3.487898,99.94898,101.1327,101.0812,10.09303,100.3993,3.007544,100.3823,234.1,6.9,0.08,1.54,100.5917,100.5593,2.945883,100.0018,99.96585,2.226194,100.0346992,1.587950215,100.0154738,49.89,181.75,30799,2860,112.82,66.28,0.81,5.19
12/2013,99.79091,3.149494,99.83731,101.0436,100.9959,9.717729,100.4283,2.973929,100.4171,234.719,6.7,0.09,1.5,100.594,100.5614,2.873246,100.1154,100.079,2.329948,100.1796126,1.777489215,100.0924838,46.15,185.17,30599,1523,113,65.66,0.5,6.51
1/2014,99.73633,2.90702,99.79484,100.9179,100.8756,9.30906,100.4383,2.898629,100.4307,235.288,6.6,0.07,1.85,100.5955,100.5629,2.781446,100.1992,100.1594,2.376236,100.3257061,1.962516136,100.170121,43.67,184.37,27748,125,113.36,65.07,0.28,7.4
2/2014,99.78806,2.82635,99.83509,100.7785,100.742,8.913343,100.4423,2.806146,100.4337,235.547,6.7,0.07,1.41,100.623,100.589,2.70876,100.2446,100.2002,2.374368,100.4908537,2.179965304,100.2578839,33.46,175.84,27546,-496,114.04,65.18,0.55,7.02
3/2014,99.84295,2.751992,99.8778,100.6488,100.6178,8.541516,100.4446,2.716847,100.4306,236.028,6.7,0.08,1.49,100.6752,100.6384,2.672366,100.2553,100.2062,2.340031,100.6756606,2.424793058,100.3560942,36.21,180.63,27007,-1514,114.63,64.95,-0.02,6.41
4/2014,99.85387,2.661341,99.8863,100.533,100.5069,8.203988,100.4375,2.626215,100.4169,236.468,6.2,0.09,1.79,100.7357,100.6957,2.642407,100.2333,100.1796,2.266243,100.8686654,2.656472683,100.458661,36.69,183.4,28220,-1394,115.08,64.73,-0.17,5.47
5/2014,99.80172,2.516575,99.84572,100.4346,100.4127,7.890956,100.4205,2.521607,100.394,236.918,6.3,0.09,1.85,100.7876,100.7448,2.599363,100.1824,100.125,2.140603,101.0397569,2.815063923,100.5495826,38.1,182.17,28542,-1357,115.34,64.63,-0.28,5.58
6/2014,99.67428,2.323702,99.74656,100.3563,100.3378,7.608992,100.4006,2.414049,100.3699,237.231,6.1,0.1,1.95,100.827,100.7822,2.56798,100.1152,100.0551,1.971934,101.1337791,2.827496595,100.599548,41.92,185.28,29278,-842,115.53,64.58,-0.49,5.94
7/2014,99.53427,2.149313,99.63762,100.2953,100.2793,7.355167,100.383,2.311748,100.3494,237.498,6.2,0.09,1.92,100.8522,100.806,2.557646,100.044,99.98246,1.774774,101.1022077,2.646224157,100.5827703,42.75,181.75,29003,-513,116.03,65.54,-0.37,5.65
8/2014,99.41101,2.033721,99.54172,100.2376,100.2241,7.140743,100.3698,2.217513,100.3348,237.46,6.1,0.09,1.74,100.8682,100.8212,2.562322,99.98035,99.91979,1.564626,100.9341356,2.28477032,100.4934532,43.89,186.63,28620,137,115.93,64.85,-0.64,6.06
9/2014,99.34794,2.025976,99.49264,100.1744,100.1636,6.96331,100.3664,2.143196,100.3298,237.477,5.9,0.09,1.97,100.873,100.8258,2.574879,99.94136,99.88455,1.37601,100.6442091,1.784222348,100.3393802,41.5,189.05,27866,-338,116.11,64.45,-0.85,5.1
10/2014,99.35065,2.116382,99.49475,100.1117,100.1035,6.825017,100.366,2.085924,100.3293,237.43,5.7,0.09,2.04,100.8594,100.8129,2.574638,99.93402,99.88215,1.236338,100.270346,1.209258882,100.1407015,43.94,190.74,28111,766,116.55,63.35,-0.93,5.9
11/2014,99.42655,2.32552,99.55381,100.0583,100.0523,6.732838,100.3653,2.045472,100.3305,236.983,5.8,0.09,1.74,100.829,100.784,2.549432,99.95734,99.911,1.151631,99.87228323,0.6276158869,99.92916254,43.66,189.4,28911,2006,116.38,63.25,-1.07,5.25
12/2014,99.58088,2.588401,99.67389,100.0136,100.0096,6.691471,100.3631,2.027605,100.331,236.252,5.6,0.12,2.02,100.7756,100.7335,2.504058,100.0066,99.96581,1.122781,99.51999008,0.1008500788,99.74194656,44.23,181.31,31443,2669,116.65,62.31,-1.51,5.52
1/2015,99.75233,2.778827,99.80729,99.98374,99.98095,6.706524,100.3602,2.027623,100.3304,234.747,5.7,0.11,1.7,100.6985,100.6604,2.434296,100.0727,100.0362,1.140762,99.27807006,-0.3124550148,99.61338517,49.95,186.06,31452,3475,116.84,62.63,-1.26,8.27
2/2015,99.8648,2.799951,99.8948,99.97686,99.97436,6.762823,100.3494,2.024974,100.3226,235.342,5.5,0.11,1.7,100.6013,100.5683,2.316888,100.1406,100.1056,1.199145,99.1665231,-0.6103985859,99.55410677,50.47,190.71,31470,4152,117.2,61.9,-1.76,6.85
3/2015,99.89791,2.737156,99.92056,100.0083,100.0044,6.852011,100.3266,2.011211,100.3044,235.976,5.4,0.11,1.7,100.495,100.4676,2.164442,100.2005,100.1656,1.283915,99.13700165,-0.8423283123,99.53841845,52.6,193.37,31490,3952,118.1,61.32,-2.21,5.95
4/2015,99.83493,2.621942,99.87156,100.0366,100.0315,6.925392,100.2903,1.992594,100.2746,236.222,5.4,0.12,1.71,100.3848,100.3632,1.998908,100.2459,100.2112,1.386448,99.14137167,-1.045232193,99.54074077,52.85,202.53,33909,3352,118.56,61.63,-2.38,7.64
5/2015,99.64672,2.443939,99.72512,100.0291,100.0243,6.944231,100.2403,1.969466,100.2323,237.001,5.6,0.12,1.89,100.267,100.2516,1.833881,100.276,100.2421,1.502115,99.11727608,-1.251861641,99.52793587,54.99,195.44,33283,2153,119.23,60.41,-2.38,7.39
6/2015,99.37068,2.253878,99.51034,99.97715,99.97463,6.89653,100.179,1.937321,100.1799,237.657,5.3,0.13,1.68,100.1393,100.1306,1.670817,100.2999,100.2677,1.627543,99.02796738,-1.445101724,99.48047535,54.88,206.69,33851,1136,119.62,60.02,-2.4,5.45
7/2015,99.03652,2.017682,99.25033,99.87832,99.87999,6.782631,100.1033,1.887472,100.1126,238.034,5.2,0.13,1.84,99.9804,99.98016,1.489958,100.3224,100.2922,1.754859,98.8715415,-1.580064086,99.39734735,56.09,204.53,33943,632,120.16,59.73,-2.49,6.46
8/2015,98.77862,1.843655,99.04966,99.75872,99.76547,6.645133,100.021,1.825886,100.0372,238.033,5.1,0.14,1.76,99.79984,99.80909,1.295727,100.3451,100.317,1.87428,98.677697,-1.616942963,99.29433431,56.78,194.47,33606,-613,120.61,60.61,-2.58,6.46
9/2015,98.6703,1.763222,98.96539,99.65224,99.66349,6.529953,99.94774,1.763062,99.96814,237.498,5,0.14,1.78,99.62453,99.64302,1.117686,100.3697,100.3443,1.969595,98.48068696,-1.535491442,99.18963903,54.62,199.69,33257,-979,120.65,61.44,-2.96,6.33
10/2015,98.67151,1.729491,98.96632,99.58062,99.59491,6.453853,99.88763,1.710021,99.91115,237.733,5,0.12,1.59,99.48101,99.50705,0.989905,100.3875,100.3656,2.025013,98.29651945,-1.355673493,99.09176854,56.96,198.73,26970,-1304,120.82,62.17,-2.77,4.67
11/2015,98.75559,1.707419,99.03174,99.54821,99.56387,6.412104,99.82877,1.65813,99.85601,238.017,5.1,0.12,1.55,99.36058,99.39296,0.902064,100.3858,100.3686,2.028398,98.1354667,-1.12480959,99.00618172,60.35,195.02,25615,-2243,121.24,62.2,-2.92,6.24
12/2015,98.87778,1.645597,99.12682,99.53944,99.55548,6.388608,99.76643,1.603631,99.79861,237.761,5,0.24,1.63,99.25446,99.29243,0.851284,100.3577,100.3463,1.977462,98.02225762,-0.8869030244,98.94602004,54.9,183.95,25563,-3420,121.78,61.49,-2.92,6.16
1/2016,99.01365,1.581667,99.23254,99.55124,99.56678,6.37364,99.70276,1.548181,99.7409,237.827,4.9,0.34,1.4,99.16363,99.20638,0.839645,100.3032,100.2976,1.881723,97.99459044,-0.668735707,98.93131711,54.01,185.25,30074,-3095,122.23,59.98,-2.99,7.37
2/2016,99.09402,1.522161,99.29507,99.59426,99.60797,6.369811,99.64332,1.505104,99.68748,237.514,4.9,0.38,1.72,99.09712,99.14337,0.872683,100.2261,100.2259,1.762187,98.07640596,-0.4670417474,98.9747956,45.59,182.95,28399,-2837,122.44,60.2,-2.98,7.18
3/2016,99.07049,1.438165,99.27676,99.67215,99.68256,6.364629,99.60366,1.493966,99.6506,237.99,5,0.36,1.61,99.06361,99.11162,0.948433,100.1469,100.1502,1.647697,98.25898352,-0.242973022,99.07182116,48.16,168.54,29572,-2295,123.17,61.28,-2.44,7.11
4/2016,98.97205,1.37626,99.20017,99.75926,99.76598,6.374741,99.58559,1.518142,99.63118,238.835,5,0.37,1.56,99.05113,99.0998,1.049649,100.079,100.0844,1.558494,98.5020837,0.01055526212,99.2010097,43.19,158.48,34380,-2200,123.19,61.27,-1.77,6.64
5/2016,98.85218,1.420878,99.1069,99.85484,99.85751,6.433981,99.58575,1.574479,99.62668,239.44,4.8,0.37,1.43,99.04971,99.09845,1.170053,100.0279,100.0337,1.50098,98.7663196,0.3162834729,99.34143022,42.66,168.24,30171,-1893,123.45,60.62,-1.32,7.58
6/2016,98.73444,1.558816,99.01529,99.95904,99.95729,6.551707,99.60295,1.659284,99.63646,240.144,4.9,0.38,1.45,99.05263,99.10122,1.305208,100.002,100.0062,1.474145,99.02440743,0.6840252719,99.47858352,42.57,159.51,30507,-1973,123.62,59.56,-1.41,6.73
7/2016,98.63607,1.778468,98.93875,100.0693,100.0628,6.728019,99.63792,1.77676,99.66312,240.111,4.8,0.39,1.5,99.07051,99.11816,1.487675,100.0027,100.0038,1.474808,99.26403424,1.103960332,99.60592624,45.61,163.02,32511,-1457,123.72,61.09,-0.53,7.04
8/2016,98.58354,1.969529,98.89787,100.1725,100.1617,6.921337,99.69507,1.923514,99.71038,240.595,4.9,0.4,1.54,99.11352,99.1589,1.7187,100.0296,100.028,1.500714,99.49303819,1.554488221,99.72762375,42.6,172.9,31150,-398,124.16,61.68,-0.33,6.71
9/2016,98.56116,2.039153,98.88046,100.266,100.2512,7.092472,99.778,2.087297,99.78222,241.068,5,0.4,1.36,99.19478,99.23589,1.984585,100.0838,100.0813,1.551508,99.71771431,2.007114847,99.84702137,43.29,170.52,29902,235,124.42,61.58,0.14,5.74
10/2016,98.51574,1.972937,98.84512,100.3549,100.3364,7.223316,99.8801,2.257186,99.87392,241.641,4.9,0.4,1.27,99.31316,99.34804,2.257042,100.1558,100.1538,1.626044,99.93987915,2.446930584,99.96508444,46.04,161.24,37210,214,124.93,62.01,0.51,6.12
11/2016,98.43481,1.78566,98.78216,100.4462,100.4238,7.316206,99.99365,2.437405,99.97804,241.993,4.7,0.41,1.7,99.46076,99.48787,2.536661,100.2327,100.2328,1.724274,100.1509955,2.854010028,100.0772761,43.93,168.27,37378,1029,125.3,61.36,1.15,5.66
12/2016,98.29247,1.497275,98.6714,100.5221,100.4965,7.368894,100.1029,2.61666,100.0806,242.712,4.7,0.54,1.62,99.61336,99.63243,2.807377,100.3118,100.3141,1.850511,100.341277,3.191645123,100.1783957,44.48,173.61,38772,2059,125.72,61.69,1.95,7.01
1/2017,98.12133,1.167057,98.53823,100.5877,100.5593,7.389924,100.1926,2.777106,100.1648,243.717,4.7,0.65,1.73,99.73594,99.74856,3.031858,100.3873,100.3911,1.998977,100.4772618,3.384711615,100.2506609,44.47,176.42,46887,2248,126.01,62.57,2.79,8.92
2/2017,98.0158,0.962903,98.45612,100.6642,100.6326,7.390467,100.2626,2.911947,100.2284,244.028,4.6,0.66,1.58,99.81714,99.82549,3.188689,100.4605,100.4641,2.164415,100.5450739,3.392882368,100.2866976,40.68,172.23,50608,1985,126.42,62.29,3.66,7.25
3/2017,98.11725,1.078979,98.53507,100.7566,100.721,7.371594,100.319,3.01214,100.2773,243.721,4.4,0.79,1.73,99.86115,99.86718,3.272884,100.5351,100.5377,2.332708,100.5531794,3.234252423,100.2910051,40.95,185.98,50522,1209,128.07,62.49,3.76,6.99
4/2017,98.49229,1.554647,98.82687,100.8505,100.811,7.345912,100.3698,3.083989,100.3194,244.058,4.4,0.9,1.59,99.88291,99.8878,3.312214,100.6177,100.6196,2.496832,100.5229543,2.973988143,100.2749428,46.19,181.41,48217,785,127.74,63,3.86,6.2
5/2017,99.03432,2.226488,99.24862,100.9382,100.8949,7.305622,100.424,3.139982,100.3625,243.926,4.4,0.91,1.42,99.90461,99.90835,3.339945,100.7105,100.7117,2.653047,100.4775667,2.677749431,100.2508229,45.76,185.22,46146,-296,127.2,63.41,4.13,6.6
6/2017,99.6374,2.961392,99.71787,100.9953,100.9496,7.224868,100.4845,3.184368,100.4104,244.179,4.3,1.04,1.52,99.93653,99.93859,3.373715,100.8151,100.8149,2.794583,100.4499727,2.407669636,100.2361589,42.04,192.8,47995,-1302,127,62.6,5.1,7.96
7/2017,100.2544,3.692515,100.1979,100.9977,100.952,7.081015,100.5501,3.215222,100.463,244.328,4.3,1.15,1.43,99.97963,99.97942,3.403394,100.9252,100.923,2.913396,100.4721359,2.20857352,100.2479369,42.48,195.93,47014,-2331,127.25,63.05,4.74,6.59
8/2017,100.8222,4.32608,100.6398,100.9354,100.8923,6.877416,100.621,3.228071,100.5233,245.304,4.4,1.16,1.39,100.0526,100.0485,3.437656,101.0311,101.0271,2.99986,100.5502899,2.07804646,100.2894696,47.61,196.83,48877,-3973,128.1,62.01,5.18,5.48
9/2017,101.2853,4.820053,101.0001,100.8045,100.7669,6.613045,100.6873,3.209191,100.5835,246.445,4.2,1.15,1.2,100.1466,100.1376,3.453617,101.1255,101.1211,3.045434,100.6724519,1.996929785,100.354389,51.04,196.67,50237,-4979,128.08,64.36,6.17,7.21
10/2017,101.6648,5.252422,101.2954,100.6269,100.5968,6.305633,100.743,3.159129,100.6375,246.57,4.1,1.15,1.59,100.249,100.2346,3.439435,101.1981,101.1946,3.049362,100.82205,1.94620597,100.4338886,51.11,202.99,51810,-5860,127.48,63.56,6.17,5.93
11/2017,101.9706,5.647008,101.5333,100.4289,100.4072,5.975813,100.7809,3.078851,100.6773,247.333,4.2,1.16,1.45,100.349,100.3293,3.392338,101.2397,101.2378,3.015778,100.985721,1.920801421,100.5208668,51.1,207.95,54563,-7468,127.23,62.98,6.42,6.53
12/2017,102.2272,6.057272,101.7329,100.2131,100.2006,5.644821,100.798,2.981506,100.699,247.847,4.1,1.3,1.48,100.4495,100.4246,3.340577,101.2426,101.2421,2.939768,101.1419742,1.908760753,100.603903,43.18,206.76,55055,-8309,127.43,63.62,6.57,6.86